-- phpMyAdmin SQL Dump
-- version 4.5.1
-- http://www.phpmyadmin.net
--
-- Host: 127.0.0.1
-- Generation Time: Jun 14, 2017 at 02:14 PM
-- Server version: 10.1.16-MariaDB
-- PHP Version: 5.6.24

SET SQL_MODE = "NO_AUTO_VALUE_ON_ZERO";
SET time_zone = "+00:00";


/*!40101 SET @OLD_CHARACTER_SET_CLIENT=@@CHARACTER_SET_CLIENT */;
/*!40101 SET @OLD_CHARACTER_SET_RESULTS=@@CHARACTER_SET_RESULTS */;
/*!40101 SET @OLD_COLLATION_CONNECTION=@@COLLATION_CONNECTION */;
/*!40101 SET NAMES utf8mb4 */;

--
-- Database: `database market`
--

-- --------------------------------------------------------

--
-- Table structure for table `akun`
--

CREATE TABLE `akun` (
  `email` varchar(50) NOT NULL,
  `nama` varchar(50) NOT NULL,
  `password` varchar(30) NOT NULL,
  `jeniskelamin` varchar(1) NOT NULL,
  `alamat` varchar(50) NOT NULL,
  `tanggallahir` date NOT NULL,
  `nohp` varchar(20) NOT NULL,
  `status` varchar(5) NOT NULL
) ENGINE=InnoDB DEFAULT CHARSET=latin1;

--
-- Dumping data for table `akun`
--

INSERT INTO `akun` (`email`, `nama`, `password`, `jeniskelamin`, `alamat`, `tanggallahir`, `nohp`, `status`) VALUES
('acen@okey.co.id', 'Acen Lim', '1234567', 'P', 'Jalan jalan oke', '2014-04-05', '085262083232', 'User'),
('christopher@hotmail.com', 'Christopher', 'christopher', 'L', 'Jl. Palang Merah No 49A', '1996-08-08', '087932721045', 'Admin'),
('george47@gmail.com', 'george', '47George', 'L', 'Jl. Yos Sudarso No 111', '1986-10-10', '085965538212', 'User'),
('jefferson@origin.com', 'jefferson', '123456789', 'L', 'jalan serdang', '1999-06-17', '08888888888888888888', 'User'),
('jefri@email.com', 'Jefri', 'TICSore3', 'L', 'Jl. Google Gg. Chrome No. 888-ABC', '2016-11-21', '085266778899', 'Admin'),
('jefri@programmer.net', 'Jefri', '1234567', 'L', 'jl oke', '1985-08-19', '123', 'User'),
('limvin@yahoo.co.id', 'Vincent', 'ticsore3', 'L', 'Jl. Merdeka Barat No 1A', '1995-01-31', '085100778805', 'Admin'),
('stevencool@yha.com', 'steven ganteng', 'SWcool1', 'L', 'jalan menuju pengembangan diri', '1998-02-17', '000000000000000', 'User'),
('steven_will@gmail.com', 'steven willington', 'TICwill97', 'L', 'jl. mesjid no 111A', '1996-11-30', '085100337777', 'Admin'),
('vincent22@mail.com', 'vincent', 'vincent', 'L', 'Jl.Indo', '1994-12-16', '085105778805', 'User'),
('vincent22@yahoo.com', 'vincent', 'limvincent', 'L', 'Jl. Irian Barat No 17A', '1995-03-18', '085100771105', 'User'),
('vincent@mail.com', 'vincent', 'vincent', 'L', 'Jl. Medan', '1995-12-18', '085100000006', 'User'),
('vincent@yahoo.com', 'vincent', 'Vincent', 'L', 'Jl. Asia No 100Z', '1996-12-15', '085270777777', 'User');

-- --------------------------------------------------------

--
-- Table structure for table `konfirmasi_bayar`
--

CREATE TABLE `konfirmasi_bayar` (
  `acceptID` int(11) NOT NULL,
  `pesanID` varchar(5) NOT NULL,
  `email` varchar(50) NOT NULL,
  `nama_penerima` varchar(30) NOT NULL,
  `nama_pengirim` varchar(30) NOT NULL,
  `no_rek_penerima` varchar(20) NOT NULL,
  `no_rek_pengirim` varchar(20) NOT NULL,
  `tanggal_bayar` date NOT NULL,
  `totalbayar` int(20) NOT NULL
) ENGINE=InnoDB DEFAULT CHARSET=latin1;

--
-- Dumping data for table `konfirmasi_bayar`
--

INSERT INTO `konfirmasi_bayar` (`acceptID`, `pesanID`, `email`, `nama_penerima`, `nama_pengirim`, `no_rek_penerima`, `no_rek_pengirim`, `tanggal_bayar`, `totalbayar`) VALUES
(3, 'OD006', 'jefri@email.com', 'jefri', 'Jimmy', '1065057117', '151112002', '2016-12-18', 3100000);

-- --------------------------------------------------------

--
-- Table structure for table `orderdetail`
--

CREATE TABLE `orderdetail` (
  `pesanID` varchar(5) NOT NULL,
  `produkID` varchar(6) NOT NULL,
  `quantity` int(11) NOT NULL,
  `jumlahharga` int(11) NOT NULL
) ENGINE=InnoDB DEFAULT CHARSET=latin1;

--
-- Dumping data for table `orderdetail`
--

INSERT INTO `orderdetail` (`pesanID`, `produkID`, `quantity`, `jumlahharga`) VALUES
('OD001', 'HA0004', 1, 2000000),
('OD001', 'HA0015', 2, 2000000),
('OD001', 'MA0011', 1, 2500),
('OD001', 'PO0011', 3, 1590000),
('OD002', 'SU0006', 2, 520000),
('OD003', 'CAM011', 1, 1000000),
('OD004', 'LA0004', 2, 3600000),
('OD005', 'BAJ010', 4, 280000),
('OD005', 'TV0008', 1, 2400000),
('OD006', 'CAM003', 2, 2000000),
('OD006', 'JAM014', 2, 1100000),
('OD007', 'KUL004', 2, 2600000),
('OD008', 'HE0015', 7, 1330000),
('OD009', 'HA0015', 2, 2000000),
('OD009', 'SU0005', 2, 450000),
('OD010', 'AH0015', 2, 300000),
('OD011', 'BAJ003', 5, 280000),
('OD011', 'HA0015', 1, 1000000),
('OD012', 'MTR011', 2, 30000000),
('OD012', 'SPD001', 3, 16050000);

-- --------------------------------------------------------

--
-- Table structure for table `pesan`
--

CREATE TABLE `pesan` (
  `pesanID` varchar(5) NOT NULL,
  `email` varchar(50) NOT NULL,
  `tanggalpesan` date NOT NULL,
  `statusbayar` varchar(20) NOT NULL
) ENGINE=InnoDB DEFAULT CHARSET=latin1;

--
-- Dumping data for table `pesan`
--

INSERT INTO `pesan` (`pesanID`, `email`, `tanggalpesan`, `statusbayar`) VALUES
('OD001', 'vincent@yahoo.com', '2016-12-14', 'Berhasil'),
('OD002', 'vincent@yahoo.com', '2016-12-18', 'Berhasil'),
('OD003', 'vincent@mail.com', '2016-12-18', 'Berhasil'),
('OD004', 'vincent@yahoo.com', '2016-12-18', 'Berhasil'),
('OD005', 'vincent22@yahoo.com', '2016-12-18', 'Berhasil'),
('OD006', 'vincent@yahoo.com', '2016-12-18', 'Proses'),
('OD007', 'vincent@mail.com', '2016-12-18', 'Berhasil'),
('OD008', 'vincent@mail.com', '2016-12-18', 'Berhasil'),
('OD009', 'george47@gmail.com', '2016-12-19', 'Berhasil'),
('OD010', 'vincent@mail.com', '0000-00-00', ''),
('OD011', 'george47@gmail.com', '2016-12-20', 'Berhasil'),
('OD012', 'jefri@programmer.net', '2016-12-20', 'Berhasil'),
('OD013', 'jefri@programmer.net', '2016-12-20', 'Pending');

-- --------------------------------------------------------

--
-- Table structure for table `produk`
--

CREATE TABLE `produk` (
  `produkID` varchar(6) NOT NULL,
  `namaproduk` varchar(50) NOT NULL,
  `kategori` varchar(24) NOT NULL,
  `stok` int(11) NOT NULL,
  `harga` int(11) NOT NULL,
  `deskripsi` text NOT NULL,
  `spesifikasi` text NOT NULL,
  `Foto` varchar(50) NOT NULL
) ENGINE=InnoDB DEFAULT CHARSET=latin1;

--
-- Dumping data for table `produk`
--

INSERT INTO `produk` (`produkID`, `namaproduk`, `kategori`, `stok`, `harga`, `deskripsi`, `spesifikasi`, `Foto`) VALUES
('AC0001', 'AC PANASONIC SPLIT CS-PN9RKJ 1 PK', 'air conditioner', 100, 3000000, 'AC Panasonic seri Hebat ini merupakan AC Single Split yang Hemat Listrik, Tahan Lama, Ramah Lingkungan', 'kondisi: baru. berat : 25 kilogram', 'ac01.jpg'),
('AC0002', 'AC PANASONIC SPLIT CS-PN5RKJ 1/2 PK', 'air conditioner', 100, 2700000, 'Harga digaransi MURAH, ada yang LEBIH MURAH, kami ganti selisihnya\r\nGaransi Resmi Panasonic Kompresor 3 Tahun, Sparepart 1 Tahun', 'kondisi: baru. berat : 26 kilogram', 'ac02.jpg'),
('AC0003', 'AC DAIKIN SPLIT FTNE25MV14 1 PK', 'air conditioner', 100, 3315000, 'Harga digaransi MURAH, ada yang LEBIH MURAH, kami ganti selisihnya\r\nGaransi Resmi DAIKIN, Kompresor 3 Tahun , Sparepart 1 Tahun', 'kondisi: baru. berat : 28 kilogram', 'ac03.jpg'),
('AC0004', 'AC DAIKIN SPLIT FTNE15MV14 1/2 PK', 'air conditioner', 100, 3075000, 'AC Panasonic seri Hebat ini merupakan AC Single Split yang Hemat Listrik, Tahan Lama, Ramah Lingkungan', 'kondisi: baru. berat : 28 kilogram', 'ac04.jpg'),
('AC0005', 'AC DAIKIN SPLIT FTNE20MV14 3/4 PK', 'air conditioner', 100, 3120000, 'AC Panasonic seri Hebat ini merupakan AC Single Split yang Hemat Listrik, Tahan Lama, Ramah Lingkungan', 'kondisi: baru. berat : 25 kilogram', 'ac05.jpg'),
('AC0006', 'AC LG Anti Nyamuk 1pk T09NWA', 'air conditioner', 100, 3200000, 'AC Standard LG memiliki Fitur Jetcool, untuk mempercepat pendinginan ruangan anda melalui penghembusan angin dingin terhadap setiap titik ruangan agar ruangan anda menjadi sejuk.', 'kondisi: baru. berat : 30 kilogram', 'ac06.jpg'),
('AC0007', 'Ac Samsung 0.75 PK (AS 07 JRFLAW)', 'air conditioner', 100, 2599000, 'CAPACITY (PK):0,75 PK', 'kondisi: baru. berat : 25 kilogram', 'ac07.jpg'),
('AC0008', 'AC MITSUBISHI SPLIT STANDARD SRK09CRP 1 PK', 'air conditioner', 100, 3050000, 'GARANSI RESMI Mitsubishi : 3 thn Kompresor, 1 thn Sparepart.', 'kondisi: baru. berat : 29 kilogram', 'ac08.jpg'),
('AC0009', 'Ac Sharp 1/2pk AH-A5SEY', 'air conditioner', 100, 2510000, 'Mode Coanda Gentle Cool Air menghantarkan udara dingin keatas melalui plavon (langit-langit) dibandingkan kebawah melalui lantai untuk mencegah kondisi terlalu dingin, terutama anak-anak, wanita yang sedang mengandung, dan orang lanjut usia. Dengan Coanda Gentle Cool Air Anda mendapatkan kualitas tidur yang lebih baik sepanjangn malam, karena hembusan udara yang perlahan dan tidak akan membangunkan anda pada tengah malam.', 'kondisi: baru. berat : 27 kilogram', 'ac09.jpg'),
('AC0010', 'Ac Split Sharp 3/4pk AH-7SEY', 'air conditioner', 100, 2850000, 'Sharp yakin bahwa langkah terbaik untuk mengurangi dampak kerusakan lingkungan adalah dengan mempertimbangkan segala faktor penyumbang pemanasan global mulai dari kebocoran refrigeran pada saat instalasi sampai konsumsi listrik peralatan elektronik. Oleh akrena itu Sharp memilih Freon R32, refrigeran terbaru yang sangat ramah lingkungan yang tidak mengandung bahan perusak Ozon.', 'kondisi: baru. berat : 28 kilogram', 'ac10.jpg'),
('AC0011', 'AC SHARP SPLIT AH-9SEY 1 PK', 'air conditioner', 100, 4000000, 'Garansi Resmi Sharp Kompresor 3 Tahun, Sparepart 1 Tahun', 'kondisi: baru. berat : 30 kilogram', 'ac11.jpg'),
('AC0012', 'Daikin FTKC35QV AC Split 1,5 PK Inverter', 'air conditioner', 100, 6390000, 'AC Daikin tipe Inverter memiliki COP (Efisiensi Performa) yang lebih tinggi dibandingkan dengan tipe standar serta pendinginan lebih cepat. Lebih hemat energi menggunakan teknologi kompressor inverter teknologi terbaru. Cocok untuk desain rumah minimalis dengan kesan desain yang sederhana dan elegan menyatu pada ruangan anda', 'kondisi: baru. berat : 34 kilogram', 'ac12.jpg'),
('AC0013', 'Ac Samsung 0.5 PK', 'air conditioner', 100, 2500000, 'Power: 722 WATT\r\nUkuran Pipa (gas)	:3/8\r\nUkuran Pipa (Liquid)	:1/4', 'kondisi: baru. berat : 30 kilogram', 'ac13.jpg'),
('AC0014', 'Ac Portable', 'air conditioner', 100, 490000, '3 Kecepatan Beralih Kontrol\r\nIndependen Water Tank\r\nMudah untuk dibersihkan\r\nPemantauan mudah Of Water Level\r\nDengan Air swing Dan Air Turbo Fungsi\r\nBasis stabil dan Desain Portabel', 'kondisi: baru. berat :5 kilogram', 'ac14.jpg'),
('AC0015', 'Ac Panasonic 1,5 pk CS-YN12SKJ', 'air conditioner', 100, 4100000, 'GARANSI tukar barang,jika barang yang di kirim cacat (penyok) dalam proses pengiriman atau barang tidak sesuai dengan yang di pesan.', 'kondisi: baru. berat : 30 kilogram', 'ac15.jpg'),
('AH0001', 'Baterai Samsung Galaxy Note 4', 'aksesoris handphone', 100, 110000, '- Terdapat hologram SEIN\r\n- Packing Segel Samsung', 'kondisi: baru. berat : 200 gram Model : EB-BN910BBE\r\nKapasitas : 3220mAh', 'ah01.jpg'),
('AH0002', 'Apple IPhone 7 Case Leather Original', 'aksesoris handphone', 100, 825000, 'Leather Fit memiliki bahan kulit sintetis berkualitas premium dengan akurasi yang sempurna untuk melindungi iPhone Anda. Lapisan dalam Leather Fit terbuat dari kulit lunak yang special, sehingga iPhone Anda tidak akan tergores saat pemasangan case dan cukup terlindungi saat terjadi benturan. Bentuknya sangat presisi, tipis, dan ringan, sehingga memudahkan Anda untuk dibawa bepergian.', 'kondisi: baru. berat : 300 gram', 'ah02.jpg'),
('AH0003', 'Element IPhone 7 Plus Case CFX', 'aksesoris handphone', 100, 600000, 'Merc 3 (bahan rekayasa diperkuat sasis) rekayasa material komposit Memperkuat polikarbonat sub-frame untuk membuat sasis yang tahan memutar dan lentur.\r\ndiperkuat serat karbon - aerospace ber karbon kelas yang digunakan dalam merc 3 diperkuat desain sasis.\r\nHit (dampak TPU tinggi) mahkota - co-dicetak elastomer desain TPU mahkota memberikan perlindungan dampak ekstrim.', 'kondisi: baru. berat : 300 gram', 'ah03.jpg'),
('AH0004', 'Baterai Samsung Galaxy Note 1', 'aksesoris handphone', 100, 105000, 'Baterai ini dapat di gunakan untuk menggantikan baterai Samsung Galaxy Note 1 kesayangan Anda yang sudah rusak.\r\n\r\nBEDA HARGA BEDA KUALITAS !!!\r\nPerhatikan gambar, packing di gambar untuk baterai yang kualitasnya sama dengan original 100% sein.', 'kondisi: baru. berat : 200 gram Model : VU\r\nKapasitas : 2500mAh', 'ah04.jpg'),
('AH0005', 'SOFT CASE SAMSUNG GALAXY S4 SILIKON HARD CASING', 'aksesoris handphone', 100, 72000, 'Deskripsi:\r\n- soft case menggunakan bahan silikon High Quality\r\n\r\n- sangat mudah untuk dipasang dan dilepas\r\n\r\n- bagian back case tidak mudah menguning', 'kondisi: baru. berat : 200 gram', 'ah05.jpg'),
('AH0006', 'Samsung Galaxy Note 3 Baterai Original', 'aksesoris handphone', 100, 110000, 'Baterai Original untuk samsung galaxy Note 3 yang berkapasitas 3200 mAh bisa dijadikan spare atau pun suku cadang battery bagi smartphone samsung galxay Note 3 anda, dan juga pastikan untuk menggunakan suku cadang Original dari Samsung untuk menjamin kualitas smartphone anda agar bisa lebih produktif lagi dalam setiap penggunaanya', 'kondisi: baru. berat : 200 gram - Rechargeable Li-ion Battery\r\n- Capacity : 3200mAh\r\n- Voltage : 4.35V\r\n- Watthour : 5.70Wh', 'ah06.jpg'),
('AH0007', 'SOFT CASE SAMSUNG GALAXY J3', 'aksesoris handphone', 100, 72000, 'Warna yang tersedia:\r\n- Gold\r\n- Rose Gold\r\n- Silver', 'kondisi: baru. berat : 200 gram', 'ah07.jpg'),
('AH0008', 'Desktop Charger Samsung Galaxy Grand Duos Grand 2', 'aksesoris handphone', 100, 100000, 'alat utk pngisian daya batre smartphone kesayangan', 'kondisi: baru. berat : 50 gram', 'ah08.jpg'),
('AH0009', 'Power Bank Veger 20.000mah', 'aksesoris handphone', 100, 157000, 'tahan cas 6 x hpmu', 'kondisi: baru. berat : 300 gram 2 Output (1A & 2A)', 'ah09.jpg'),
('AH0010', 'Antigores Samsung Galaxy Young 2', 'aksesoris handphone', 100, 33000, 'Antiglare Good Quality ,anti minyak\r\nmerek Limited / SCREENGUARD', 'kondisi: baru. berat : 50 gram', 'ah10.jpg'),
('AH0011', 'Nillkin Original Super Frosted For Xiaomi Redmi No', 'aksesoris handphone', 100, 70000, 'Terbuat dari bahan berkualitas tinggi, tidak membuat HP cepat panas - Melindungi HP dari benturan dan jatuh - Design mewah dan memiliki kesan elegan - Mantap di genggaman - Ringan, kokoh, dan fleksibel - Mudah di pasang dan dikeluarkan - Snap on Snap off - Di kedua sisi case nya dilapisi bahan anti gores/baret dan tidak lengket - Dirancang untuk tetap dapat mengakses semua port dan function Xiaomi Redmi Note 2 Anda - FREE ANTIGORES CLEAR', 'kondisi: baru. berat : 200 gram', 'ah11.jpg'),
('AH0012', 'Mirror Flip Case Iphone 6', 'aksesoris handphone', 100, 170000, 'bisa di pakai berkaca layaknya cermin. mengkilat', 'kondisi: baru. berat :300 gram', 'ah12.jpg'),
('AH0013', 'Powerbank 180000mAh', 'aksesoris handphone', 100, 105000, 'tersedia warna biru, hijau dan ungu', 'kondisi: baru. berat : 300 gram Capacity: 18800mAh\r\nKualitas : KW', 'ah13.jpg'),
('AH0014', 'Oppo R9 Case Full Screen Cover', 'aksesoris handphone', 100, 200000, 'Dibuat dari kulit Faux kualitas tinggi\r\nMelindungi telepon Anda dari hantaman benda tumpul, goresan dan\r\ndebu\r\nSangat cocok untuk ponsel Anda\r\n\r\n#OPPO\r\n*Oppo F1/A35\r\n*Oppo F1+ \r\n*Oppo F1S/A59\r\n*Oppo R5\r\n*Oppo R7\r\n*Oppo R7S\r\n*Oppo R9\r\n*Oppo Neo 5/A31\r\n*Oppo Neo 7/A33\r\n*Oppo Neo 9/A37\r\n*Oppo Mirror 5 /A51\r\n*Oppo Joy 3 /A11\r\n*Oppo Neo 3 /R831K', 'kondisi: baru. berat : 100 gram', 'ah14.jpg'),
('AH0015', 'Led Light Bumper Soft Case Iphone 6', 'aksesoris handphone', 100, 150000, '1. Bahan lentur/softcase\r\n\r\n2. Airbag yang melindungi hp anda dari benturan.\r\n\r\n3. Lampu led akan hidup ketika telepon masuk.', 'kondisi: baru. berat : 100 gram', 'ah15.jpg'),
('AK0001', 'Mouse Logitech Wireless M170', 'aksesoris komputer', 100, 107000, 'Logitech meluncurkan mouse nirkabel terbaru yaitu M170. Datang dengan desain 3-tombol, mouse ringan dan mudah dibawa ini menggunakan frekuensi radio 2.4GHz (bekerja hingga jarak 10 meter) dan fitur sensor canggih optik pelacakan dengan penerima USB yang kecil.\r\n\r\nDidukung oleh 1x baterai AA (hingga 12 bulan hidup baterai), Logitech M171 mendukung sistem operasi Windows 7,8, 10 keatas, Mac OS X 10.8 atau yang lebih baru dan sistem operasi Chrome OS.', 'kondisi: baru berat : 200 gram', 'ak01.jpg'),
('AK0002', 'ORIGINAL Baterai Asus', 'aksesoris komputer', 100, 400000, 'garansi : 6 bulan', 'kondisi: baru Voltase : 10.8V / 11.1 Volt\r\nKapasitas : 5200 mAh \r\nGRADE Baterai : ORIGINAL \r\nBerat : 300 gram\r\nCompatible Part no: \r\nA31-K53, A32-K53, A41-K53, A42-K53, A43EI241SV-SL ', 'ak02.jpg'),
('AK0003', 'CHARGER TOSHIBA 19V 3.95A ORIGINAL', 'aksesoris komputer', 100, 160000, 'Garansi 1 tahun', 'kondisi: baru DC-Output : 19V-3.95A berat : 800 gram', 'ak03.jpg'),
('AK0004', 'Baterai Original Battery Laptop Acer Aspire', 'aksesoris komputer', 100, 400000, 'garansi : 6 bulan', 'kondisi: baru Original Equipment Manufacture Battery Acer Aspire Model Type :\r\n4741 4743 4253 4741g 4741zg 4349 4349g 4215 4252 4253 4333 4738 4750 4752 4738z 4739 4752g 4752z 4755 4755g 4551 5741 E1-431 E1-451 E1-471 As10d31', 'ak04.jpg'),
('AK0005', 'Adaptor Laptop Charger Acer 19V-3.42A', 'aksesoris komputer', 100, 130000, 'di lengkapi kabel power adaptor mickey mouse 3 lubang', 'kondisi: baru Input : AC100-240V50-60HZ\r\nOutput : DC19V 3.42A 65W\r\nDC Connector : 5.5 * 1.7mm WITH PIN\r\nColour : BLACK\r\nQuality : Original\r\nberat : 500 gram', 'ak05.jpg'),
('AK0006', 'Charger Adaptor Asus 19v 4.74a', 'aksesoris komputer', 100, 320000, 'garansi 1 tahun', 'kondisi: baru Output Voltage 19V 4.74A\r\nPower 90W\r\nPin Size 5.5 x 2.5 mm.\r\nberat : 800 gram', 'ak06.jpg'),
('AK0007', 'Mouse Wireless Logitech M185', 'aksesoris komputer', 100, 56000, 'di dukung windows vista, windows 7, windows 8 dan windows 10', '- kondisi: baru \r\n- Berat Mouse (termasuk baterai): 75,2 g (2,65 oz)\r\n- Dimensi Receiver (tinggi x lebar x tebal): 14,4 mm (0,57 inci) x 18,7 mm (0,74 inci) x 6,1 mm (0,24 inci)\r\n- Berat Receiver: 1,8 g (0,06 oz)\r\n- Teknologi sensor: Advanced Optical Tracking\r\n- Resolusi Sensor: 1000\r\n- Jumlah tombol: 3\r\n- Roda Scroll (Y/T): Ya\r\n- Jenis baterai: 2 baterai AAA', 'ak07.jpg'),
('AK0008', 'Keyboard Acer Aspire 4755', 'aksesoris komputer', 100, 100000, 'garansi 1 bulan', 'kondisi: baru berat : 150gram', 'ak08.jpg'),
('AK0009', 'Adaptor Laptop Hp Mini 19v 1.58a', 'aksesoris komputer', 100, 80000, 'garansi : 2 minggu', 'kondisi: baru berat : 250gram', 'ak09.jpg'),
('AK0010', 'Original Baterai Battery Macbook A1281', 'aksesoris komputer', 100, 950000, 'garansi : 6 bulan', 'kondisi: baru berat : 1 kilogram', 'ak10.jpg'),
('AK0011', 'Baterai ORIGINAL Asus VivoBook', 'aksesoris komputer', 100, 670000, 'garansi : 6 bulan', 'kondisi: baru berat : 800 gram', 'ak11.jpg'),
('AK0012', 'Keyboard Asus', 'aksesoris komputer', 100, 82000, 'Keyboard Asus X45 X45A X45C X45V X45VD X44 X44H X43 X43S X43SJ Series.\r\n\r\nGaransi: 90 Hari (Tidak cacat Fisik)', 'kondisi: baru berat : 250 gram', 'ak12.jpg'),
('AK0013', 'Visipro  DDR3 PC12800  2GB  PC RAM', 'aksesoris komputer', 100, 280000, 'Visipro RAM merupakan RAM yang didesign khusus untuk mempercepat kinerja komputer anda dan RAM ini memiliki usia yang panjang', 'kondisi: baru berat : 500 gram', 'ak13.jpg'),
('AK0014', 'BATERAI ORIGINAL Compaq Presario', 'aksesoris komputer', 100, 387000, 'garansi : 6 bulan', 'kondisi: baru Battery type:Li-ion berat : 1 kilogram', 'ak14.jpg'),
('AK0015', 'Adaptor Charger Laptop DELL', 'aksesoris komputer', 100, 280000, 'cocok untuk Laptop Dell Inspiron 11Z\r\nLaptop Dell Inspiron 1110\r\nLaptop Dell Inspiron 1564\r\nLaptop Dell Inspiron 1570\r\nLaptop Dell Inspiron 1764\r\nLaptop Dell Latitude E5410', 'kondisi: baru Output : 19.5V 3.34A berat : 1 kilogram', 'ak15.jpg'),
('ATU001', 'BUKU LAPANGAN ANTI AIR / ALL WEATHER NOTEBOOK RITE', 'alat tulis', 100, 175000, 'Overall Size : +/- 12 x 18 Cm\r\nCover Color : Yellow\r\nPaper Color : White\r\nBinding : Side Spiral\r\nCover Material : Polydura', 'kondisi: baru. berat : 150 gram', 'atu01.jpg'),
('ATU002', 'Refil Pulpen Pilot Frixion', 'alat tulis', 100, 175000, '1 kotak berisi 12 buah', 'kondisi: baru. berat : 300 gram', 'atu02.jpg'),
('ATU003', 'Pulpen Zebra Sarasa 0.5 Hitam Dan Biru', 'alat tulis', 100, 14500, 'Pulpen Zebra Sarasa merupakan pulpen cetek cair dengan kualitas tinta yang terbaik. Dengan design yang ellegant dan mewah serta tinta terang dan anti kering banyak user sangat gemar menggunakan pulpen ini.', 'kondisi: baru. berat : 100 gram', 'atu03.jpg'),
('ATU004', 'Paket 20 Pcs Pulpen Kapsul', 'alat tulis', 100, 35000, 'Dalam paket ini anda mendapat 20 Pcs Pulpen Kapsul dengan warna Random (campur).\r\n\r\nPulpen unik berbentuk kapsul cocok untuk souvenir atau hadiah ulang tahun anak, mainan, souvenir pernikahan, pajangan atau hiasan rumah.', 'kondisi: baru. berat : 300 gram', 'atu04.jpg'),
('ATU005', 'Spidol Snowman', 'alat tulis', 100, 11000, '*Warna: hitam,biru,merah,hijau,kuning\r\n*Isi: 12 buah\r\n*Dijual Dalam: 1 lusin (12 buah) 1 lusin 1 warna tidak bs dicampur', 'kondisi: baru. berat : 120 gram', 'atu05.jpg'),
('ATU006', 'Pulpen Trans T7 Mix Colour', 'alat tulis', 100, 10000, 'warna cover pulpen random tetapi tinta hitam', 'kondisi: baru. berat : 20 gram', 'atu06.jpg'),
('ATU007', 'Pulpen Gel Sarasa Clip Warna 0.5', 'alat tulis', 100, 14000, 'Warna : Black, Blue, Red, Blue Black, Pale Blue, Light Blue, Blue Green, Green, Light Green, Orange, Yellow, Light Pink, Pink, Magenta, Purple, Brown, & Grey.', 'kondisi: baru. berat : 20 gram', 'atu07.jpg'),
('ATU008', 'Pulpen Unik 2 In 1', 'alat tulis', 100, 210000, ' bisa dipakai buat nulis + bisa buat sandaran ( holder ) Handphone ketika sedang bermain Game atau nonton you tube... \r\n', 'kondisi: baru. berat : 20 gram', 'atu08.jpg'),
('ATU009', 'Smart Pen, Multifungsi Pulpen 3 In 1 ', 'alat tulis', 100, 16200, 'Pulpen multifungsi, 2 pulpen + 1 mekanikal pensil\r\nteknologi Jepang Korea, sangat digemari dinegara tersebut.\r\n\r\nWarna casing bervariasi, barang dikirim random stock.', 'kondisi: baru. berat : 30 gram', 'atu09.jpg'),
('ATU010', 'Staedtler - Luna Aquarell - 24 Watercolour Pencils', 'alat tulis', 100, 65000, 'harga mumer', 'kondisi: baru. berat : 400 gram', 'atu10.jpg'),
('ATU011', 'Pensil Warna 48 Faber Castell Classic', 'alat tulis', 100, 77800, 'Faber-Castell Colour Pencils Tersedia hingga 48 varian warna\r\nFREE 1pcs Serutan di dalam kemasan\r\nPensil warna dengan kualitas yang terbaik sehingga menghasilkan goresan warna yang halus.', 'kondisi: baru. berat : 100 gram', 'atu11.jpg'),
('ATU012', 'Mechanical Pencil - Pilot', 'alat tulis', 100, 176000, 'slip grip berkaret untuk kenyamanan maksimal.\r\nFitur penuh geser lengan (ujung sepenuhnya ditarik dalam tubuh pensil mekanik) dengan built in penghapus untuk kenyamanan.\r\nTermasuk desain klip untuk membawa nyaman di saku Anda.', 'kondisi: baru. berat : 200 gram', 'atu12.jpg'),
('ATU013', 'Stabilo Pencil Mekanik 2mm Exam Grade 2B For Compu', 'alat tulis', 100, 18000, 'Tersedia refill\r\nTidak mudah patah\r\nDesign pegangan nyaman \r\nRamah lingkungan karna tidak menggunakan material kayu untuk body pensil yg seperti pensil pada umumnya.', 'kondisi: baru. berat : 50 gram', 'atu13.jpg'),
('ATU014', 'Isi Pensil Kenko', 'alat tulis', 100, 14500, 'harga ini termasuk perlusin', 'kondisi: baru. berat : 100 gram', 'atu14.jpg'),
('ATU015', 'Serutan 2mm Stabilo Exam Grade Pensil Mekanik Keri', 'alat tulis', 100, 23000, 'Harga tertera untuk 1 buah serutan (tidak termasuk pensil maupun isi pensil)\r\n\r\nKami juga menyediakan serutan, pensil dan refill nya.', 'kondisi: baru. berat : 50 gram', 'atu15.jpg'),
('BAJ001', 'Batik Heritage Exclusive Linen', 'baju', 100, 299000, 'Material : Exclusive Linen Silk\r\nLinning : Yes ( Dormeil / Bahan dalaman untuk jas )\r\nSize Available : S - XXL', 'kondisi: baru. berat : 300 gram ', 'baj01.jpg'),
('BAJ002', 'Kemeja Flanel Model Jaket Sweater Hoodie', 'baju', 100, 150000, '- Size Chart Panjang x Lebar (ketiak kiri-kanan)\r\nM : 70 x 50 cm\r\nL : 72 x 52 cm\r\nXL : 74 x 54 cm', 'kondisi: baru. berat : 300 gram', 'baj02.jpg'),
('BAJ003', 'Baju Batik Pria', 'baju', 100, 56000, 'murah tapi kualitas lumayan', 'kondisi: baru. berat : 200 gram', 'baj03.jpg'),
('BAJ004', 'POLO SHIRT OAKLEY ORIGINAL PRIA', 'baju', 100, 240000, 'tersedia ukuran S, M dan L', 'kondisi: baru. berat : 300 gram ', 'baj04.jpg'),
('BAJ005', 'Polo Shirt Jeep Misty Tua', 'baju', 100, 145000, 'Bahan Lacoste Pique CVC 24S Gramasi 210, Lembut, nyaman dan tidak susut.\r\nPlastisol Printing 2 Positioning Dada Kiri dan Punggung Belakang. \r\nTeknik Variasi Jahit Bartex di bag atas, dan Belahan Bawah, serta dilapisi Paterban agar Stylist serta kokoh.', 'kondisi: baru. berat : 300 gram', 'baj05.jpg'),
('BAJ006', 'Polo Shirt Quiksilver Original', 'baju', 100, 240000, 'tersedia ukuran S, M dan L', 'kondisi: baru. berat : 300 gram', 'baj06.jpg'),
('BAJ007', 'KAOS POLO SHIRT (COTTON BUKAN PE POLYESTER) LC1 AB', 'baju', 100, 80000, 'tersedia ukuran S, M dan L', 'kondisi: baru. berat : 300 gram', 'baj07.jpg'),
('BAJ008', 'Singlet Travsic', 'baju', 100, 60000, 'Cotton Combed 30S\r\nSuper White', 'kondisi: baru. berat : 300 gram', 'baj08.jpg'),
('BAJ009', 'Jersey Home Real Madrid 2016-2017', 'baju', 100, 60000, 'tersedia ukuran S,M dan L', 'kondisi: baru. berat : 300 gram', 'baj09.jpg'),
('BAJ010', 'Jersey Home Manchester United 2016-2017', 'baju', 100, 70000, 'tersedia ukuran S,M dan L', 'kondisi: baru. berat : 300 gram ', 'baj10.jpg'),
('BAJ011', 'T-Shirt Superman', 'baju', 100, 105000, 'Terbuat dari 100% katun / 100% cotton (COTTON COMBED 24s)\r\n*Menggunakan kain katun berkualitas tinggi (kualitas ekspor), nyaman dipakai, pas dibadan dan tidak berkerut setelah dicuci. ', 'kondisi: baru. berat : 300 gram', 'baj11.jpg'),
('BAJ012', 'Premium Kaos Sepeda Rockshox ', 'baju', 100, 170000, 'Rubber Japan\r\n\r\n- Bahan Cotton Combed 20''s (halus dan adem)', 'kondisi: baru. berat : 300 gram', 'baj12.jpg'),
('BAJ013', 'Tshirt Super Hero Logo Glow ', 'baju', 100, 105000, 'Terbuat dari 100% katun / 100% cotton (COTTON COMBED 24s)\r\n*Menggunakan kain katun berkualitas tinggi (kualitas ekspor), nyaman dipakai, pas dibadan dan tidak berkerut setelah dicuci. \r\n*Menghasilkan tekstur kain yang lembut dan tidak panas\r\n*Model cutting Kaos bisa dipakai untuk pria maupun wanita ', 'kondisi: baru. berat : 350 gram', 'baj13.jpg'),
('BAJ014', 'baju kemeja pria lengan panjang', 'baju', 100, 80000, 'tersedia warna abu-abu, biru, putih dan hitam.', 'kondisi: baru. berat : 200 gram ', 'baj14.jpg'),
('BAJ015', 'Kaos SR Trac Yellow', 'baju', 100, 70000, 'Material: Polyester (dry fit)\r\nUkuran : \r\nsize M (panjang: 68 cm x lebar: +/-50 cm)(habis)\r\nsize L (panjang: 70 cm x lebar: +/-52 cm)(1)\r\nSize XL (panjang: 72 cm x lebar: +/-54 cm)(1)\r\nSize XXL (panjang: 72 cm x lebar: +/-54 cm)(1)', 'kondisi: baru. berat : 300 gram', 'baj15.jpg'),
('CAM001', 'Canon Eos 70d 18-200mm Is (Kit Iii) - Wifi', 'kamera', 100, 14110000, 'BARANG BARU 100%\r\nGaransi Resmi Datascript ( Canon ) 1 Tahun\r\n\r\n\r\nSpesifikasi singkat kamera :\r\n\r\n20.2MP APS-C CMOS Sensor\r\nDIGIC 5+ Image Processor\r\n3.0 1.04m-Dot Vari-Angle Touchscreen\r\nFull HD 1080p/30 Video & Movie Servo AF\r\nDual Pixel CMOS AF with Live View\r\n19-Point All Cross-Type Phase-Detect AF\r\nNative ISO 12800, Extended to ISO 25600\r\n7 fps Shooting at Full Resolution', 'kondisi: baru. berat :3.0 kilogram Tipe : DSLR Merek :Canon Megapixel :> 20.0MP ', 'cam01.jpg'),
('CAM002', 'Camera Sony RX-100 Mark III / Paketan Bonus', 'kamera', 100, 8800000, '0.1MP 1 inchi Exmor R BSI CMOS Sensor\r\nBIONZ X Image Processor\r\nZeiss Vario-Sonnar T* f/1.8-2.8 Lens\r\n24-70mm (35mm Equivalent)\r\n1440k-Dot OLED Tru-Finder Pop-Up EVF\r\n3.0 inchi 1229k-Dot Multi-Angle Xtra Fine LCD\r\nFull HD Video in XAVC S, Clean HDMI Out\r\nBuilt-In Wi-Fi Connectivity with NFC\r\nISO 12800 and 10 fps Continuous Shooting\r\nManual Control Ring & Built-In ND Filter\r\n--------------------------------------------------------------------\r\nGaransi Distributor 1 Tahun', 'kondisi: baru. berat : 2.0 kilogram Tipe :Mirrorless Merek :Sony Megapixel :10.0 - 20.0MP', 'cam02.jpg'),
('CAM003', 'FUJIFILM X-T1 BODY ONLY BLACK', 'kamera', 100, 1000000, 'NORMAL 100%..\r\nfisik 98% minim bekas pemakaian wajar', 'kondisi: bekas. berat : 2.0 kilogram Tipe :Mirrorless Merek :Fuji Megapixel :10.0 - 20.0MP', 'cam03.jpg'),
('CAM004', 'PANASONIC LUMIX GF3 KIT 14-42mm LENGKAP BOX', 'kamera', 100, 3700000, 'kelengkapan =\r\n- box\r\n- buku\r\n- charger ori\r\n- batre ori\r\n- tali strap\r\n- body cap\r\n- hood', 'kondisi: bekas. berat : 2.0 kilogram Tipe :Mirrorless Merek :Panasonic Megapixel :10.0 - 20.0MP', 'cam04.jpg'),
('CAM005', 'Canon Eos 650 Lensa 50 Mm', 'kamera', 100, 5100000, '- lensa 50 mm\r\n- kondisi mash bgs dan mulus\r\n- kelngkapan charger + batrai + strap + lenscap', 'kondisi: baru. berat : 2.0 kilogram Tipe : DSLR Merek : Canon Megapixel :10.0 - 20.0MP Optical Zoom : fixed focus', 'cam05.jpg'),
('CAM006', 'Sony Cyber-Shot DSC-W610', 'kamera', 100, 600000, '- warna pink\r\n- 14.1mp\r\n- 4x optical zoom\r\n- 26mm wide angle lens\r\n- 2.7 inchi lcd screen\r\n- batre charger\r\n- kondisi bs liat di gambar\r\n- full set\r\n- semua fungsi msh berjalan normal dan baik\r\n- free mmc 4gb', 'kondisi: bekas. berat : 1 kilogram Tipe : Pocket Merek : Sony Megapixel : 10.0 - 20.0MP Optical Zoom : 2x - 7x', 'cam06.jpg'),
('CAM007', 'CANON 1200d Kit 18-55mm III MULUS LENGKAP BOX', 'kamera', 100, 4000000, 'lensa dan lcd ada titik jamur tipis, karena kamera ini jarang dipakai, titik jamur sama sekali tidak mempengaruhi hasil\r\nsensor bersih\r\nflash nyala', 'kondisi: bekas. berat : 2.0 kilogram Tipe : DSLR Merek : Canon Megapixel : 10.0 - 20.0MP Optical Zoom : < 2x', 'cam07.jpg'),
('CAM008', 'NIKON D7000 BODY ONLY LENGKAP BOX', 'kamera', 100, 5000000, 'kelengkapan =\r\n- box\r\n- buku\r\n- cd\r\n- charger ori \r\n- tali strap \r\n- batre ori\r\n- body cap', 'kondisi: bekas. berat : 2.0 kilogram Tipe : DSLR Merek : Nikon Megapixel : 10.0 - 20.0MP Optical Zoom :< 2x ', 'cam08.jpg'),
('CAM009', 'NIKON Coolpix P7800', 'kamera', 100, 4300000, 'DISKRIPSI\r\n96% like new\r\nfungsi 100% normal\r\n\r\nKELENGKAPAN\r\nunit kamera\r\ncarger\r\nbatre\r\nstrap\r\nkabel data\r\nbuku manual dan cd\r\nBOX', 'kondisi: bekas. berat : 2.0 kilogram Tipe : Prosumer Merek : Nikon Megapixel : 10.0 - 20.0MP Optical Zoom : < 2x', 'cam09.jpg'),
('CAM010', 'Kamera Lytro Illum - Light Field Camera', 'kamera', 100, 6300000, '93% like new\r\nkaret kenceng semua\r\nshooter responsif\r\nfungsi 100% normal\r\n\r\nKELENGKAPAN\r\nunit kamera\r\nbatre\r\ncarger \r\nstrap\r\nbuku manual\r\nBOX', 'kondisi: bekas. berat : 4.0 kilogram Tipe : Mirrorless Merek: Lytro Megapixel : 10.0 - 20.0MP Optical Zoom  :< 2x', 'cam10.jpg'),
('CAM011', 'Fuji X100T Silver', 'kamera', 100, 1000000, 'Fisik 97% (Minim bekas tanda pemakaian wajar)\r\nFungsi 100% Lancar jaya, Fokus, Foto, Video, Wifi, semua aman terkendali\r\nViewfinder Bersih, Sensor Bersih\r\nKelengkapan FULLSET BOX (yg ga ada shoulder strap ama lens cap)\r\nsisanya ada semua Charger, kabel2, manual, kartu garansi, nota pembelian', 'kondisi: bekas. berat : 3.0 kilogram Tipe : Pocket Merek : Fuji Megapixel : 10.0 - 20.0MP Optical Zoom : < 2x', 'cam11.jpg'),
('CAM012', 'Camera Digital Sony W530 Fullset', 'kamera', 100, 650000, '- Resolusi 14MP\r\n- Optical Zoom 4X\r\n- Kondisi Fungsi Normal, No Minus\r\n- Kelengkapan: Kamera, Charger & Dusbook\r\n- Harga NETT', 'kondisi: bekas. berat : 1.0 kilogram Tipe : Pocket Merek : Sony Megapixel : 10.0 - 20.0MP Optical Zoom : 2x - 7x ', 'cam12.jpg'),
('CAM013', 'Lumix GM5 Fullset Kamera Mirrorless', 'kamera', 100, 5300000, 'Kelengkapan 100% lengkap bawaan dus\r\nBuku manual, kartu garansi, flash, carger, baterai, dll semua ada', 'kondisi: bekas. berat : 2.0 kilogram Tipe : Mirrorless Merek : Panasonic Megapixel : 10.0 - 20.0MP Optical Zoom : < 2x ', 'cam13.jpg'),
('CAM014', 'Canon IXUS 175 GRATIS Sd Card 8gb, Tas, Antigores', 'kamera', 100, 1400000, '20 Megapixels\r\n8x Optical Zoom with 16x ZoomPlus\r\nHD Movie\r\n2.7 Inch LCD Monitor\r\nISO Auto 100-800\r\nSensor Size 1/2.3\r\nShutter Speed 1-1/2000sec\r\nIS System Digital\r\n\r\nPaket include:\r\nSD Card 8 GB\r\nAnti gores LCD\r\nHardcase\r\n\r\nWarna : MERAH', 'kondisi: baru. berat : 1.0 kilogram Tipe : Pocket Merek : Canon Megapixel : 10.0 - 20.0MP Optical Zoom : < 2x', 'cam14.jpg'),
('CAM015', 'Canon 5D Mark II + Lensa 24-105mm F/4 L', 'kamera', 100, 18000000, 'Kelengkapan :\r\n- Box\r\n- Manual book\r\n- Strap ori\r\n- Charger ori\r\n- Batre ori\r\n- Kabel2\r\n- Lenscap, rearcap dan bodycap', 'kondisi: baru. berat : 4.0 kilogram Tipe : DSLR Merek : Canon Megapixel : 10.0 - 20.0MP Optical Zoom : > 7x', 'cam15.jpg'),
('CLN001', 'Celana Bahan Kain Slimfit', 'celana', 100, 180000, ' Model : Slimfit\r\n- Bahan : Twill Woll\r\n- Size : 29-36 (Tanpa 31,35)', 'kondisi: baru. berat : 500 gram ', 'cln01.jpg'),
('CLN002', 'CELANA PANTAI VOLCOM ORIGINAL', 'celana', 100, 250000, 'tersedia ukuran 31,32,33 dan 34', 'kondisi: baru. berat : 300 gram', 'cln02.jpg'),
('CLN003', 'CELANA PANTAI BILLABONG ORIGINAL', 'celana', 100, 250000, 'tersedia ukuran 33, 36 dan 38', 'kondisi: baru. berat : 300 gram', 'cln03.jpg'),
('CLN004', 'Celana Pantai Quiksilver Original', 'celana', 100, 250000, 'tersedia warna biru dan ukuran 33, 36 dan 38', 'kondisi: baru. berat : 300 gram', 'cln04.jpg'),
('CLN005', 'Celana Chino', 'celana', 100, 135000, 'bhan katun street\r\nsize 38-42\r\nwarna ready hitam,abu,khaki,mocca,coklat tua', 'kondisi: baru. berat : 350 gram', 'cln05.jpg'),
('CLN006', 'CELANA JOGER', 'celana', 100, 75000, 'BAHAN. :COTTON\r\nWARNA :ABU TUA/HITAM/ABU MUDA\r\nSIZE. :27-32', 'kondisi: baru. berat : 400 gram', 'cln06.jpg'),
('CLN007', 'Joger Adidas Grade Ori', 'celana', 100, 110000, 'Bahan Baby terry Premium\r\nsize M L XL', 'kondisi: baru. berat : 400 gram', 'cln07.jpg'),
('CLN008', 'CELANA PANTAI RIPCURL', 'celana', 100, 250000, 'tersedia ukuran 32,33 dan 34', 'kondisi: baru. berat : 400gram', 'cln08.jpg'),
('CLN009', 'NEVADA CELANA JEANS PENDEK PRIA', 'celana', 100, 145000, 'tersedia ukuran 30,31, 32, 33 dan 34.', 'kondisi: baru. berat : 300 gram', 'cln09.jpg'),
('CLN010', 'CELANA PANTAI OAKLEY ORIGINAL', 'celana', 100, 240000, 'tersedia ukuran 30,32 dan 34', 'kondisi: baru. berat : 300 gram', 'cln10.jpg'),
('CLN011', 'Celana Jeans Pendek Levis', 'celana', 100, 90000, 'Bahan. :Jean Kobra. (tidak melar/ non straight).\r\nWarna. : Bioblit.\r\nUkuran. : 28 Sampai 38.', 'kondisi: baru. berat : 350 gram', 'cln11.jpg'),
('CLN012', 'Plain Basic Pants wanita', 'celana', 100, 40500, 'Celana bahan katun stretch, karet pinggang dapat diserut (menggunakan karet & kancing di pinggang bagian dalam). tersedia semua ukuran', 'kondisi: baru. berat : 200 gram', 'cln12.jpg'),
('CLN013', 'Celana Kulot Wanita OVERLAP CULOTTES', 'celana', 100, 69000, 'READY: BLACK, dan WHITE\r\n\r\nOVERLAP CULOTTES\r\nLength: 72cm\r\nWaist: 60-94cm\r\nMaterial: Wedges Super', 'kondisi: baru. berat : 300 gram', 'cln13.jpg'),
('CLN014', 'Celana Jeans Fashion Wanita', 'celana', 100, 135000, 'Model Denim/Basic/Pensil, bahan soft jeans stretch, size 27-30.', 'kondisi: baru. berat : 400 gram', 'cln14.jpg'),
('CLN015', 'Celana Joger Pendek Cewek', 'celana', 100, 35000, 'bahan katun strech\r\nAll size fit to XL', 'kondisi: baru. berat : 200 gram ', 'cln15.jpg'),
('FAN001', 'Kipas Angin Besi Tornado Cosmos', 'kipas angin', 100, 413000, ') UKURAN BALING2 14 inchi\r\n2) TENAGA LISTRIK 50 WATT\r\n3) 3 SPEED CONTROL\r\n4) BISA SWING KIRI-KANAN\r\n5) 2-IN-1 MEJA + DINDING', 'kondisi: baru. berat : 8 kilogram merek : cosmos', 'fan01.jpg'),
('FAN002', 'REGENCY TORNADO FAN DELUXE 12 inchi KIPAS ANGIN DU', 'kipas angin', 100, 350000, '- Kipas angin duduk\r\n- Merk Regency (paling unggul di kelasnya)\r\n- Tipe Tornado Deluxe\r\n- Ukuran diameter 12 inchi\r\n- 220V 50Hz\r\n- 35 watt\r\n- Bahan besi\r\n- SNI\r\n- Untuk dicolok listrik, bukan baterai\r\n- Ada pengatur kecepatan kipas 1 sampai 3', 'kondisi: baru. berat : 6 kilogram merek : cosmos', 'fan02.jpg'),
('FAN003', 'Kipas Angin / Mini Fan Usb Y9', 'kipas angin', 100, 90000, 'Kipas angin yang ditenagai menggunakan USB atau 4 buah baterai AA. Dapat menghasilkan angin yang sangat kuat meskipun memiliki fisik yang kecil dan portable.', 'kondisi: baru. berat : 1 kilogram merek : cosmos', 'fan03.jpg'),
('FAN004', 'Kipas Angin Meja Tornado Sekai 6 inchi', 'kipas angin', 100, 102000, 'Garansi resmi 3 tahun\r\nSpesifikasi :\r\n- Uk : 15 cm (6 inchi)\r\n- angin kencang\r\n- Body Full Metal (body & baling besi)\r\n- 2 pengaturan kecepatan \r\n- hemat listrik ', 'kondisi: baru. berat : 500 gram merek : tidak ada', 'fan04.jpg'),
('FAN005', 'Kipas Angin Plus Lampu Solar - Biru', 'kipas angin', 100, 185000, 'Solar Light Fan ini sangat berguna saat mati lampu dirumah anda, karna selain jadi lampu penerangan juga bisa membuat ruangan tidak panas. Selamat menggunakan dan semoga bermanfaat.', 'kondisi: baru. berat : 2 kilogram merek : tidak ada', 'fan05.jpg'),
('FAN006', 'Miyako Kipas Angin KAD 1227 B', 'kipas angin', 100, 240000, 'Nikmati udara sejuk dengan Miyako KAD-1227B Kipas Angin Meja. Anda tak perlu khawatir akan merasa kepanasan karena kipas angin ini membantu sirkulasi udara di ruangan Anda. Dengan bentuknya yang dapat ditaruh di meja ataupun di dinding, Anda dapat menggunakan kipas angin ini sesuai dengan kebutuhan dan keinginan Anda.', 'kondisi: baru. berat : 5 kilogram merek : cosmos', 'fan06.jpg'),
('FAN007', 'Kipas Angin Dinding Miyako Remote Control KAW 1689', 'kipas angin', 100, 275000, 'kipas angin dinding miyako remote control KAW - 1689 RC Dilengkapi dengan tempat pengharum ruangan , ukuran 16 inchi 40 cm, \r\nDaya listrik : 55 wt Voltase :220v - 50 hz\r\nMade in Indonesia \r\nGaransi resmi miyako', 'kondisi: baru. berat : 7 kilogram merek : miyako', 'fan07.jpg'),
('FAN008', 'Kipas Mini Usb Tenaga Baterai', 'kipas angin', 100, 35000, 'ermasuk kotak :\r\n1x Kipas Angin\r\n1x Kabel USB\r\n1 x Buku manual\r\n1 x Battery 18650 3,7V', 'kondisi: baru. berat : 500 gram merek : miyako', 'fan08.jpg'),
('FAN009', 'Kipas Angin Kotak', 'kipas angin', 100, 450000, '1) UKURAN BALING2 12 inchi\r\n2) TENAGA LISTRIK 50 WATT,\r\n3) TENAGA HEMBUS 5 METER', 'kondisi: baru. berat : 5 kilogram merek : cosmos', 'fan09.jpg'),
('FAN010', 'Kipas Angin Dinding 16 inchi Merk Sanex', 'kipas angin', 100, 230000, '- Hembusan kencang dan tidak berisik\r\n- Dilengkapi 2 tarikan tali (kecepatan dan rotation/putaran)\r\n- Memiliki 3 pengatur kecepatan\r\n- Hemat listrik 43 watt / 220 volt / 50 Hz\r\n- Warna random\r\n- Garansi resmi Sanex 2 tahun\r\n', 'kondisi: baru. berat : 7 kilogram merek : sanex', 'fan10.jpg'),
('FAN011', 'Kipas Angin Kabut', 'kipas angin', 100, 4000000, 'paket yang dirancang khusus untuk perusahaan kecil hingga menengah luar ruangan Cafe , Terraces , dan Restoran .\r\nSentrifugal Force adalah teknologi pendingin terbaru kami alternatif dirancang untuk daerah-daerah di mana AC tidak sesuai .\r\nDengan teknologi Inverter terbaru ini kami telah meningkatkan pendinginan tanpa basah , sistem jika diri bebas perawatan .', 'kondisi: baru. berat : 10 kilogram merek : vanco', 'fan11.jpg'),
('FAN012', 'Kipas Angin Berdiri', 'kipas angin', 100, 710000, '1) UKURAN BALING2 16 inchi\r\n2) TENAGA LISTRIK 65 WATT\r\n3) TENAGA HEMBUS 5 METER', 'kondisi: baru. berat : 10 kilogram merek : panasonic', 'fan12.jpg'),
('FAN013', 'Mini Fan AC Portable', 'kipas angin', 100, 100000, 'pendingin kecil dengan kipas yang berfungsi seperti AC yang mudah dipindahkan kesana kemari karna bentuknya kecil dan simple.', 'kondisi: baru. berat : 1 kilogram merek : tidak ada', 'fan13.jpg'),
('FAN014', 'CEILING FAN KIPAS LANGIT PLAFON BALING', 'kipas angin', 100, 253000, 'Untuk paking lebih aman, barang pecah belah sangat disarankan menggunakan bubble wrap. Terutama untuk pengiriman di luar dari daerah Jabodetabek. Untuk lengkapnya bisa dibaca di Catatan toko.', 'kondisi: baru. berat : 4 kilogram merek : cosmos', 'fan14.jpg'),
('FAN015', 'KIPAS JEPIT KYZUKU 3 IN 1 29W', 'kipas angin', 100, 70000, 'Bisa digunakan :\r\n- Duduk (dimeja atau Lantai)\r\n- Di jepit ( bisa di jepit di kayu/meja dll)\r\n- Di Tempel ( di paku seperti jam dinding)\r\n', 'kondisi: baru. berat : merek : tidak ada', 'fan15.jpg'),
('HA0001', 'Apple Iphone 6 Plus memori internal 16gb Grey', 'handphone', 100, 5500000, 'Garansi 1 tahun.', 'Merek 			: iPhone \r\nOperating System 	: iOS \r\nFeatures 		:4G - LTE, Touchscreen, Wifi, Bluetooth, 3G, GPS Navigation, MP3, e-mail, Video Player, Front Camera \r\nDisplay Size 		:5.5\r\nberat : 0.5 kilogram ', 'iphone6plusgrey.jpg'),
('HA0002', 'Apple Iphone 6 Plus memori internal 16gb Gold', 'handphone', 100, 5700000, 'Garansi 1 tahun.', 'Merek 			: iPhone \r\nOperating System 	: iOS \r\nFeatures 		:4G - LTE, Touchscreen, Wifi, Bluetooth, 3G, GPS Navigation, MP3, e-mail, Video Player, Front Camera \r\nDisplay Size 		:5.5\r\nberat : 0.5 kilogram ', 'iphone6plusgold.jpg'),
('HA0003', 'Xiaomi Redmi 3s Pro Grey', 'handphone', 100, 1850000, 'Garansi 1 tahun.', 'Merek 			: Xiaomi \r\nOperating System 	:Android \r\nFeatures 		:4G - LTE, Touchscreen, Wifi, Bluetooth, 3G, GPS Navigation, Memory Card Slots, MP3, FM Radio, e-mail \r\nDisplay Size 		:5.0\r\nberat : 0.5 kilogram ', 'xiaomi3sprogrey.jpg'),
('HA0004', 'IPhone 5 memori internal 16GB Hitam', 'handphone', 100, 2000000, 'Garansi 1 tahun', 'Merek 			: iPhone \r\nOperating System 	: iOS \r\nFeatures 		:4G - LTE, Touchscreen, Wifi, Bluetooth, 3G, GPS Navigation, MP3, e-mail, Video Player, Front Camera \r\nDisplay Size 		:4\r\nberat : 0.5 kilogram ', 'iphone5black.jpg'),
('HA0005', 'Lenovo Vibe K5 Plus RAM 3 GB memori internal 16GB', 'handphone', 100, 2300000, 'Garansi 1 tahun', 'Merek 			:Lenovo \r\nOperating System 	:Android\r\nberat : 0.5 kilogram ', 'lenovovibek5plus.jpg'),
('HA0006', 'Xiaomi Redmi Note 4 RAM 3GB memori internal 64GB', 'handphone', 100, 2500000, 'Garansi 1 tahun\r\nRAM : 3GB\r\npenyimpanan internal : 64GB', 'Merek 			:Xiaomi \r\nOperating System 	:Android \r\nFeatures 		:4G - LTE, Touchscreen, Wifi, Bluetooth, 3G, GPS Navigation, Memory Card Slots, MP3, FM Radio, e-mail, Video Player, Front Camera, Dual Sim Card \r\nDisplay Size 		:5.5\r\nberat : 0.6 kilogram ', 'xiaominote4.jpg'),
('HA0007', 'Redmi 3s RAM 2GB Internal Memory 16GB Gold', 'handphone', 100, 1549000, 'Garansi 1 tahun ', 'Merek 			:Xiaomi \r\nOperating System 	:Android \r\nFeatures 		:4G - LTE, Touchscreen, Wifi, Bluetooth, 3G, GPS Navigation, Memory Card Slots, MP3, FM Radio, e-mail, Video Player, Front Camera\r\nberat : 0.6 kilogram ', 'redmi3sgold.jpg'),
('HA0008', 'Oppo F1s', 'handphone', 100, 3290000, 'Garansi 1 tahun', 'Merek			:Oppo\r\nOperating System 	:Android \r\nFeatures 		:4G - LTE, Touchscreen, Wifi, Bluetooth, 3G, GPS Navigation, Memory Card Slots, MP3, FM Radio, e-mail, Video Player, Front Camera, QWERT Keyboard, Dual Sim Card \r\nDisplay Size 		:5.5\r\nberat : 0.5 kilogram ', 'oppof1s.jpg'),
('HA0009', 'Iphone 4S penyimpanan internal 32GB', 'handphone', 100, 1350000, 'Garansi 1 tahun', 'Merek 			:iPhone\r\nOperating System 	:iOS \r\nFeatures 		:Touchscreen, Wifi, Bluetooth, 3G, GPS Navigation, MP3, FM Radio, e-mail, Video Player, Front Camera \r\nDisplay Size 		:3.5\r\nberat : 0.5 kilogram ', 'iphone4s.jpg'),
('HA0010', 'Oppo Neo 9/A37', 'handphone', 100, 2000000, 'Garansi 1 tahun\r\nCard slot microSD, up to 256 GB (dedicated slot) \r\nInternal 16 GB\r\n2 GB RAM \r\nWarna Gold & Rosegold', 'Merek 			:Oppo \r\nOperating System 	:Android\r\nberat : 0.5 kilogram ', 'opponeo9.jpg'),
('HA0011', 'Samsung Galaxy J5', 'handphone', 100, 2200000, 'Garansi Resmi Samsung Indonesia ( SEIN ) 1 Tahun\r\n\r\n\r\nProduct details of Samsung Galaxy J5 Dual SIM - 8GB \r\n\r\nNikmati mudahnya berkomunikasi dengan rekan-rekan Anda hanya dalam satu genggaman dengan Samsung Galaxy J5. Hadir dengan layar sebesar 5 inch beresolusi 720 x 1280 piksel dan kerapatan piksel sebesar ~294 ppi, seri J ini mampu menyajikan fungsi yang luar biasa di ujung jari Anda. Dibekali dengan CPU Qualcomm MSM8916 Snapdragon 410 Quad-core dengan kecepatan 1.2 Ghz, smartphone ini mampu memberikan performa yang cukup optimal, sehingga Anda dapat menjalankan aplikasi dengan mudah dan cepat.', 'berat : 0.7 kilogram ', 'samsunggalaxyj5.jpg'),
('HA0012', 'Samsung J3', 'handphone', 100, 1900000, 'Garansi 1 tahun', 'Merek 			:Samsung \r\nOperating System 	:Android \r\nFeatures 		:4G - LTE, Touchscreen, Wifi, Bluetooth, 3G, GPS Navigation, Memory Card Slots, MP3, FM Radio, e-mail, Video Player, Front Camera, Dual Sim Card\r\nberat : 0.3 kilogram ', 'samsungj3.jpg'),
('HA0013', 'Samsung Galaxy S3', 'handphone', 100, 1200000, 'Garansi 1 tahun', 'Merek 			:Samsung \r\nOperating System 	:Android \r\nFeatures 		:Touchscreen, Wifi, Bluetooth, 3G, GPS Navigation, Memory Card Slots, MP3, e-mail, Video Player, Front Camera \r\nDisplay Size 		:4.0\r\nberat : 0.5 kilogram ', 'samsunggalaxys3.jpg'),
('HA0014', 'Nokia Lumia 625 Yellow', 'handphone', 100, 650000, 'Garansi 1 tahun', 'Merek 			:Nokia \r\nOperating System 	:Windows Phone \r\nFeatures 		:Touchscreen, Wifi, Bluetooth, 3G, GPS Navigation, Memory Card Slots, MP3, FM Radio, e-mail, Video Player, Front Camera \r\nDisplay Size 		:5.0\r\nberat : 0.5 kilogram ', 'nokialumia625yellow.jpg'),
('HA0015', 'Blackberry Z10 Hitam', 'handphone', 100, 1000000, 'Garansi 1 tahun', 'Merek 			:Blackberry \r\nOperating System 	:Blackberry \r\nFeatures 		:4G - LTE, Touchscreen, Wifi, Bluetooth, 3G, GPS Navigation, Memory Card Slots, MP3, e-mail, Video Player, Front Camera \r\nDisplay Size 		:4.2\r\nberat : 0.4 kilogram ', 'blackberryz10black.jpg'),
('HE0001', 'The Doctor 46 Black Merk THI Half face', 'helm', 100, 170000, 'Helm Keren THI Dirancang Elegan dan stylish.Menambah kepercayaan diri anda ketika dengan model stylish dan dinamish membuat anda semakin Nyaman dan aman dalam berkendara.\r\nHelm THI hadir Dengan harga yang sangat bersahabat,terjangkau dan pastinya Quality terbaik.\r\nTersedia Beragam warna,dan ukuran, ', 'kondisi baru. berat : 2 kilogram', 'he01.jpg'),
('HE0002', 'Nhk Gp1000 Full face', 'helm', 100, 475000, ' Pada umumnya standar ukuran helm ditentukan oleh LINGKAR KEPALA. Bisa anda lakukan dengan menggunakan tali melingkar di atas telinga. setelah itu ukur dengan penggaris. Nah, anda sudah tahu lingkar kepala anda.\r\nstandar ukuran helm adalah sebagai berikut ,\r\n57-58 cm ukuran M\r\n59-60 cm ukuran L\r\n61-62 cm ukuran XL. tersedia semua ukuran ', 'kondisi baru. berat : 3 kilogram', 'he02.jpg'),
('HE0003', 'KYT Vendetta 2 Carbon  Full face', 'helm', 100, 700000, ' Lisensi: SNI / DOT\r\nDouble visor system\r\nRemovable padding (busa dpt di lepas)\r\nDouble D ring strap\r\nVisor lock\r\nAir pump system\r\nBonus tas helm (model slempang)\r\nSize M L XL, ', 'kondisi baru. berat : 3 kilogram', 'he03.jpg'),
('HE0004', 'KYT Galaxy Double Visor Hitam Dop / Black Doff Hal', 'helm', 100, 315000, '\r\nType : Galaxy double visor\r\nWarna : black doff / hitam dopp\r\nSize Ready : M ', 'kondisi baru. berat : 2 kilogram', 'he04.jpg'),
('HE0005', 'Helm KYT RRX Modular Full face', 'helm', 100, 600000, '-Lisensi SNI & DOT\r\n-Sistem penguncian microlock\r\n-Dark visor\r\n-Removable Padding\r\n\r\nWarna yg tersedia:\r\n-Putih\r\n-Fire Red\r\n-Gunmetal\r\n-Hitam Glossy ', 'kondisi baru. berat : 3 kilogram', 'he05.jpg'),
('HE0006', 'KYT R10 Full face', 'helm', 100, 370000, '  tersedia berbagai ukuran. warna : doff hitam ', 'kondisi baru. berat : 3 kilogram', 'he06.jpg'),
('HE0007', 'KYT X Rocket Retro Full face', 'helm', 100, 300000, 'tersedia ukuran M, L dan XL ', 'kondisi baru. berat : 3 kilogram', 'he07.jpg'),
('HE0008', 'KYT Vendeta 2 Espargaro Full face', 'helm', 100, 1000000, 'SHELL\r\nOuter shell made of Injection of Advance Thermoplastic resin\r\n\r\nVISOR\r\nVisor in Polycarbonate resin with UV 380 filter anti scratch treated\r\nSolar shied integrated in the shell\r\nThe visor can adopt the PINLOCK anti fog shied (OPTIONAL)\r\nQuick Visor Change (QVC): Easy System to remove the visor without tools \r\n\r\nCHEEKPAD\r\nRemovable and washable Cheek pads and inner comfort liners\r\nAir pump system to obtain the best fitting\r\n\r\nSTRAP\r\nDouble DD RING system\r\n\r\nUkuran/size Helm standart ukuran HELM SNI : \r\n- Size S : Lingkar kepala 55-56 cm \r\n- Size M : Lingkar kepala 57-58 cm \r\n- Size L : Lingkar kepala 59-60 cm \r\n- Size XL:Lingkar kepala 61-62 cm\r\n- Size XXL: Lingkar kepala 63-64 cm ', 'kondisi baru. berat : 4 kilogram', 'he08.jpg'),
('HE0009', 'Kyt Rc7/Seven Full face', 'helm', 100, 342000, ' Tersedia warna : abu-abu.  ukuran : L dan XL, ', 'kondisi baru. berat : 3 kilogram', 'he09.jpg'),
('HE0010', 'Bmc Blade Full face', 'helm', 100, 270000, ' BMC Blade  Hitam Dop kaca Pelangi kondisi 100% baru,kaca pelangi.\r\nSize L atau one size(mohon jgn tanya ukuran lain).Barang Ready Silahkan klik di kirim secepatnya. ', 'kondisi baru. berat : 3 kilogram', 'he10.jpg'),
('HE0011', 'Ink Cl Max Full face', 'helm', 100, 460000, ' model full face\r\nstandar SNI DOT\r\nsingle visor\r\nsize L M\r\nvisor anti gores anti silau ', 'kondisi baru. berat : 3 kilogram', 'he11.jpg'),
('HE0012', 'INK Duke Full face', 'helm', 100, 1000000, 'Full face. Helm INK Duke Seri 1 adalah Helm INK Fullface Model Type terbaru dilengkapi dengan Anti Fog System untuk mencegah pengembunan.\r\n\r\nInfo Produk:\r\n#Model Fullface\r\n#DOT/SNI\r\n#Double VIsor\r\n#Removable Padding\r\n#Anti FOG System\r\n#Pengunci Type DD Ring\r\n#Warna: Hitam Hijau Putih\r\n#Ukuran: M, L dan XL ', 'kondisi baru. berat : 2 kilogram', 'he12.jpg'),
('HE0013', 'INK CBR 600 Full face', 'helm', 100, 900000, 'DOT/SNI\r\nDouble Visor\r\nBusa Helm Removable Padding\r\nBobot Ringan\r\nKelengkapan: Kardus +Sarung Helm Standart Pabrik\r\nUkuran: M, L, XL dan XXL.\r\nwarna : hijau.\r\n', 'kondisi baru. berat : 3kilogram', 'he13.jpg'),
('HE0014', 'NHK X-151 Full face', 'helm', 100, 470000, 'Warna : Merah-Hitam\r\nDouble Visor\r\nUkuran L', 'kondisi baru. berat : 3 kilogram', 'he14.jpg'),
('HE0015', ' Honda TRX-R Full face', 'helm', 100, 190000, 'Sudah SNI lohh gan\r\n\r\nNote: Busa bisa di lepas\r\n\r\nUkuran: L\r\n\r\nWarna: Hitam glossy\r\n ', 'kondisi baru. berat : 3 kilogram', 'he15.jpg'),
('JAM001', 'Jam Tangan Casio Edifice Rantai All Chrono Aktif', 'jam tangan', 100, 210000, 'jam tangan ini KW Super. untuk anda yang ingin murah dan bentuknya sama.', 'kondisi: baru. berat : 0.4 kilogram. bahan : stainless steel Fitur: chrono dan tanggal hidup. water resistant 3ATM', 'jam01.jpg'),
('JAM002', 'Jam Tangan Pria Sport Casio G-Shock Super Premium', 'jam tangan', 100, 357000, 'jam tangan ini masih kw super premium dan memiliki waktu digital dan analog', 'kondisi: baru. berat :  0.5 kilogram. bahan : stainless', 'jam02.jpg'),
('JAM003', 'Jam Tangan Pria Alexandre Christie Original ', 'jam tangan', 100, 950000, 'jam tangan original dan garansi resmi 1 tahun ', 'kondisi: baru. berat : 1 kilogram. bahan : stainless dan anti luntur. water resistant 5 ATM', 'jam03.jpg'),
('JAM004', 'Jam Tangan Pria Patek Phillippe', 'jam tangan', 100, 1800000, 'super grada AAA semua chrono aktif dan automatic berjalan sendiri tanpa baterai. dengan gerakan saja ', 'kondisi: baru. berat :  1 kilogram. bahan : stainless steel', 'jam04.jpg'),
('JAM005', 'Jam Tangan Pria Alba Original AT 3895', 'jam tangan', 100, 975000, 'jam tangan original dan ada garansi 1 tahun dari alba', 'kondisi: baru. berat : 0.5 kilogram. bahan : stainless steel. fitur : tanggal, 24 jam dan chronograph', 'jam05.jpg'),
('JAM006', 'Jam Tangan Pria Alba Original 3911', 'jam tangan', 100, 668000, 'jam tangan pria original dengan diameter 4.5cm dan mendapat kotak', 'kondisi: baru. berat : 0.5 kilogram. bahan : stainless steel. fitur : semua chrono aktif dan tanggal juga aktif', 'jam06.jpg'),
('JAM007', 'Jam Tangan Wanita ALBA AH7D79 ORIGINAL ', 'jam tangan', 100, 675000, 'diameternya 20 mm dan menampilkan waktu analog dan tanggal. garansi 1 tahun dan ada buku manual', 'kondisi: baru. berat : 0.5 kilogram. bahan : rantai', 'jam07.jpg'),
('JAM008', 'Jam Tangan Pria Sport Guess Original', 'jam tangan', 100, 1758000, 'free box exclusive. tahan air dan bisa di pakai saat berenang', 'kondisi: baru. berat : 0.5 kilogram. bahan : karet combinassi stainless. fitur : tanggal, hari dan jam aktif', 'jam08.jpg'),
('JAM009', 'Jam Tangan Guess Original Cewek', 'jam tangan', 100, 5350000, 'garasi resmi 1 tahun dan diameter 4 cm', 'kondisi: baru. berat : 0.5 kilogram. bahan : karet rubber', 'jam09.jpg'),
('JAM010', 'JAM TANGAN ALexander Christie AC6393 SILVER', 'jam tangan', 100, 1675000, 'garansi resmi 1 tahun', 'kondisi: baru. berat :  0.5 kilogram. bahan : kulit dan stainless', 'jam10.jpg'),
('JAM011', 'Jam Tangan Wanita Alexander Christie - Stainless C', 'jam tangan', 100, 1245000, 'garansi mesin 1 tahun', 'kondisi: baru. berat : 0.5 kilogram. bahan : stainless steel. Mesin  baterai', 'jam11.jpg'),
('JAM012', 'Jam Tangan Wanita Pria Couple ALEXANDER CHRISTIE O', 'jam tangan', 100, 2650000, 'garansi resmi 1 tahun dan dapat di gunakan untuk berenang', 'kondisi: baru. berat : 0.5 kilogram. bahan : stainless dan mesin buatan swiss. fungsi detik, menit dan 24 jam.', 'jam12.jpg'),
('JAM013', 'Jam Tangan Pria Casio Edifice EF-539 Stainless Ste', 'jam tangan', 100, 580000, 'grade : super premium dan include box and manual book', 'kondisi: baru. berat : 0.5 kilogram. bahan : solid stainless steel', 'jam13.jpg'),
('JAM014', 'Jam Tangan Pria Casio G-Shock GA-400 AutoLight Act', 'jam tangan', 100, 550000, 'tidak ada garansi. memakai gerakan untuk mengerakkan mesin', 'kondisi: baru. berat :  0.6 kilogram. bahan : resin ', 'jam14.jpg'),
('JAM015', 'JAM TANGAN Fosil SILVER Wanita ', 'jam tangan', 100, 147000, 'free box dan baterai. tenaga baterai', 'kondisi: baru. berat : 0.4 kilogram. bahan : stainless. diameter 3cm', 'jam15.jpg'),
('KA0001', 'Nike 7881AF', 'kacamata', 100, 1324000, 'terbuat dari plastik dan tersedia warna merah', 'berat : 100 gram ', 'ka01.jpg'),
('KA0002', 'Kateluo TR90', 'kacamata', 100, 135000, 'terbuat dari plastik dan tersedia warna hitam', 'berat : 110 gram ', 'ka02.jpg'),
('KA0003', 'Kateluo 13025 Frame', 'kacamata', 100, 250000, 'Bahan Frame Plastik Acetate Ringan, kuat , dan fleksibel. Kaca Tidak akan pecah jika frame kacamata terjatuh.', 'berat : 200 gram ', 'ka03.jpg'),
('KA0004', 'Nike 7098AF', 'kacamata', 100, 1589000, 'terbuat dari plastik dan tersedia warna silver', 'berat : 100 gram ', 'ka04.jpg'),
('KA0005', 'Nike 7071/3', 'kacamata', 100, 1238000, 'terbuat dari plastik dan tersedia warna hijau, kuning , dan merah', 'berat : 100 gram ', 'ka05.jpg'),
('KA0006', 'Nike 7070/3', 'kacamata', 100, 1324000, 'terbuat dari plastik dan tersedia warna kuning , dan biru', 'berat : 100 gram ', 'ka06.jpg'),
('KA0007', 'kacamata gucci branded semprem 704', 'kacamata', 100, 450000, 'terbuat dari plastik dan tersedia warna coklat, merah dan biru.', 'berat : 300 gram ', 'ka07.jpg'),
('KA0008', 'Nike 7887AF', 'kacamata', 100, 1324000, 'terbuat dari plastik dan tersedia warna hitam dan ungu', 'berat : 100 gram ', 'ka08.jpg'),
('KA0009', 'Kacamata Chanel Msr7050', 'kacamata', 100, 300000, 'terbuat dari plastik dan tersedia warna merah', 'berat : 300 gram ', 'ka09.jpg'),
('KA0010', 'Adidas AF21/01', 'kacamata', 100, 1778000, 'terbuat dari plastik dan tersedia warna abu-abu', 'berat : 110 gram ', 'ka10.jpg'),
('KA0011', 'Frame SPORT Puma 9823 Merah', 'kacamata', 100, 125000, 'terbuat dari plastik dan tersedia warna hitam dan merah', 'berat : 300 gram ', 'ka11.jpg'),
('KA0012', 'Kacamata Anti Radiasi', 'kacamata', 100, 285000, 'terbuat dari plastik dan tersedia warna hitam', 'berat : 300 gram ', 'ka12.jpg'),
('KA0013', 'Retro Aluminum+TR90 Polarized Lens Vintage', 'kacamata', 100, 270000, 'terbuat dari plastik dan tersedia warna silver', 'berat : 300 gram ', 'ka13.jpg'),
('KA0014', 'Guess GU1598', 'kacamata', 100, 245000, 'terbuat dari plastik dan tersedia warna biru , dan merah', 'berat : 200 gram ', 'ka14.jpg'),
('KA0015', 'Verrel V1010', 'kacamata', 100, 300000, 'bahan frame plastik solid halus\r\nsifat bahan ringan, sangat nyaman dipakai\r\nwarna tersedia leopard","berat : 300 gram', 'berat : 300 gram ', 'ka15.jpg');
INSERT INTO `produk` (`produkID`, `namaproduk`, `kategori`, `stok`, `harga`, `deskripsi`, `spesifikasi`, `Foto`) VALUES
('KEC001', 'SHIN KHURIM BRUSH PROFESSIONAL 12SET', 'peralatan kecantikan', 100, 75000, 'Kuas merk Shin Khurim adalah produk kuas set di kelas premium dan tidak ada produk tiruan / KW - nya dengan merk yang sama.\r\n\r\nBulu kuas Dibuat dari bahan pilihan baik dari nylon maupun Pony hair sehingga nyaman dipakai dan hasilnya juga sangat memuaskan.', 'kondisi: baru. berat : 300 gram', 'kec01.jpg'),
('KEC002', 'MAKE UP BRUSH 5IN1 ', 'peralatan kecantikan', 100, 20000, 'harga per set isi 5 pcs make up brush\r\n1 . Foundation\r\n2. Lips brush\r\n3. Eyebrow\r\n4. Eyeshadow\r\n5. Lip n Eye brush', 'kondisi: baru. berat : 200 gram', 'kec02.jpg'),
('KEC003', 'KUAS OVAL MAKE UP BRUSH SET ISI 5 PCS', 'peralatan kecantikan', 100, 95000, 'terdiri dari 5 pcs oval brush dengan rincian fungsi sbb:\r\nBrush 1 : \r\n- Foundation\r\n- Bronzing or Effect Powder\r\n- Setting Powder\r\n\r\nBrush 2 : \r\n- Cheek Blush and Contour\r\n- Foundation\r\n- Bronzing or Effect Powder\r\n- Setting Powder\r\n- Eye Sadow Color\r\n- Concealer\r\n\r\nBrush 3 :\r\n- Lip Color/Finish\r\n- Eye Shadow Color \r\n- Concealer\r\n\r\nBrush 4 :\r\n- Eye Shadow Color \r\n- Eye Liner\r\n- Cheek Blush and Contour\r\n- Concealer\r\n\r\nBrush 5 :\r\n- Lip Color/Finish\r\n- Eye Shadow Color \r\n- Brow Color\r\n- Concealer', 'kondisi: baru. berat : 400 gram', 'kec03.jpg'),
('KEC004', 'DRAWING EYEBROW ETUDE House Eye Brow + Brush', 'peralatan kecantikan', 100, 20000, 'Sebuah styling bersih dan halus aliS. pensil segitiga memungkinkan Anda untuk gaya alis bersih dan rinci dengan sudut nya.\r\nWarna-warna alami: Memiliki ketahanan suhu yang luar biasa dan mempertahankan warna alami dengan kegunaan biasa dengan mempertahankan suhu yang tepat.\r\nStyling merek alis baru: Keseimbangan antara pewarnaan zat dan dasar mencegah ekspresi tebal warna dan memungkinkan Anda untuk mengekspresikan alis yang tampak sangat nyata dalam cara yang sangat alami.\r\n', 'kondisi: baru. berat : 50 gram ', 'kec04.jpg'),
('KEC005', 'Pemancung Hidung', 'peralatan kecantikan', 100, 80000, 'Alat ini berfungsi sebagai pengoreksi hidung namun hasilnya sendiri tidak permanen ya. Nose secret bekerja dengan cara mengganjal hidung berupa dua ganjalan plastik yang dipasang didalam lubang hidung dan membentuk sesuai dengan yang anda inginkan.\r\n', 'kondisi: baru. berat : 50 gram', 'kec05.jpg'),
('KEC006', 'EYESHADOW NYX', 'peralatan kecantikan', 100, 30000, 'ISI TERDIRI DARI :\r\n- 1 KACA KECIL\r\n- 1 BEDAK\r\n- 2 BLUSH ON\r\n- 2 SHADING\r\n- 3 LIPSTIK\r\n- 18 EYESHADOW\r\n- 1 KUAS', 'kondisi: baru. berat : 150 gram', 'kec06.jpg'),
('KEC007', 'KUAS MAKE UP BRUSH KIT 4 IN 1', 'peralatan kecantikan', 100, 120000, 'Terbuat dari bulu taklon sintetis yang tidak berpori dan tidak menjebak atau menyerap produk, bakteri, dan sel-sel kulit mati\r\nDapat mengaplikasikan makeup dengan bebas\r\nBentuk yang unik serta pegangan terbuat dari aluminium', 'kondisi: baru. berat : 150 gram', 'kec07.jpg'),
('KEC008', 'SIGMA 29PC EXTRAVAGANZA PREMIUM KIT', 'peralatan kecantikan', 100, 1125000, 'Kualitas sangat Recomended, walaupun Replika but higly Quality Control, and Highly Recomended!\r\nBulu Super Halus Lembut, tidak mudah rontok, tidak menyakiti kulit, sangat nyaman di wajah.', 'kondisi: baru. berat : 600 gram', 'kec08.jpg'),
('KEC009', 'Brush Set Bobbi Brown 24 Pcs', 'peralatan kecantikan', 100, 220000, '- Bulu tebal dan halus (beda dengan harga yang miring)\r\n- Harga yang tertera adalah harga 1set termasuk pouch\r\n- Bamboo Brush\r\n- Tidak mudah rontok\r\n- Kualitas halus dan lembut di wajah\r\n- Cocok untuk Professional needs dan beginner, MUA.\r\n- Bahan brush synthetic hair, tidak menyakiti wajah dan nyaman dan aman di kulit.\r\n- Feedback produk positif', 'kondisi: baru. berat : 350 gram', 'kec09.jpg'),
('KEC010', 'ION Face Massager Seterika Wajah', 'peralatan kecantikan', 100, 32000, 'Membuat fungsi serum,eye cream, cream,cleanser koleksi anada bekerja lbh sempurna dan maximal\r\nMemiliki teknologi tinggi dapat memasukkan komponen nutrisi pada lapisan basal, meningkatkan energi sel, sel mempercepat, gerakan dan metabolisme, biarkan kulit segar, putih dan lembut. Jika dengan produk yang sesuai, efeknya akan lebih baik.', 'kondisi: baru. berat : 100 gram', 'kec10.jpg'),
('KEC011', 'CATOK NOVA NHC 8890 / CATOK 3 IN 1', 'peralatan kecantikan', 100, 86000, '* bisa lurus Dan curly\r\n* tombol on/off\r\n* putaran kabel dapat berputar sampai 360 derajat\r\n* MAx Up 200 c High Heat\r\n* high quality, recommended bangett\r\n* plat terbuat dari nano ceramic coating', 'kondisi: baru. berat : 500 gram', 'kec11.jpg'),
('KEC012', 'Cnaier 4 In 1 Face Cleanser Skiner - Pink', 'peralatan kecantikan', 100, 63000, '- Membersihkan sampai pori-pori\r\n- Mengurangi kerutan\r\n- Pembersih Make Up\r\n- Meratakan bedak\r\n- Menghilangkan bintik hitam\r\n\r\nCnaier 4 in 1 Facial Cleanser Complete Skiner and Make Up Remover. Skiner\r\nberkualitas yang berfungsi mengencangkan kulit wajah dan melancarkan peredaran\r\ndarah pada wajah.', 'kondisi: baru. berat : 500 gram', 'kec12.jpg'),
('KEC013', 'ALAT PIJAT MATA AROUND THE EYES MASSAGE MINI 208 W', 'peralatan kecantikan', 100, 26000, 'Dapatkan Harga Spesial di toko kami Belanja puas ya di Koperasi Grosir\r\nDistributor Aksesoris dan Kecantikan', 'kondisi: baru. berat : 300 gram', 'kec13.jpg'),
('KEC014', 'KUAS Doraemon KALENG ISI 7 PCS', 'peralatan kecantikan', 100, 35000, 'kuas nya bulu halus ya. Tdk kasar. \r\nAda harga ada kualitas. Please Be smart :)', 'kondisi: baru. berat : 160 gram', 'kec14.jpg'),
('KEC015', 'TINKLE /PENCUKUR ALIS ISI 3pcs', 'peralatan kecantikan', 100, 15000, '1 set isi 3 pcs\r\nharga yg tertera di etalase harga per set\r\n\r\nwarna tdk bisa pilih sesuai yg diproduksi di pabrik', 'kondisi: baru. berat : 50 gram ', 'kec15.jpg'),
('KUL001', 'Kulkas Mini Portable GEA RS-06DR', 'kulkas', 100, 1250000, 'Dilengkapi dengan Kunci\r\nPintu Stainless\r\nPintu bisa dibalik\r\nKaki bisa diatur\r\nKapasitas 46 L\r\nDaya : 82 Watt\r\nGaransi 1 tahun', 'kondisi: baru. berat : 25 kilogram', 'kul01.jpg'),
('KUL002', 'Kulkas Sanyo Aqua 179 S 1 Pintu', 'kulkas', 100, 1500000, '- kapasitas 150Liter\r\n- Model Baru Aqua\r\n- Body Hitam\r\n- Pintu Silver', 'kondisi: baru. berat : 30 kilogram', 'kul02.jpg'),
('KUL003', 'Kulkas 2 Pintu Panasonic NRB-209', 'kulkas', 100, 2000000, 'Kapasitas 151 Liter\r\n\r\nDRC Compresor\r\n\r\nManual Defrost & Twin Jumbo\r\n\r\nCrack Free Door Interior\r\n\r\nDaya : 80 Watt', 'kondisi: baru. berat : 35 kilogram', 'kul03.jpg'),
('KUL004', 'Kulkas Mini Portable AQUA SANYO AQR-D50F', 'kulkas', 100, 1300000, 'Kapasitas 50L\r\nDaya 50 watt\r\nGaransi kompresor 7 tahun\r\n\r\nCocok untuk diletakan di dalam kamar atau bagi yg tinggal di apartment, kontrakan, kost2an dll', 'kondisi: baru. berat : 15 kilogram', 'kul04.jpg'),
('KUL005', 'Promo Kulkas 1 Pintu Sharp', 'kulkas', 100, 1625000, 'body warna Perak\r\nSistem Pendingin Cooling System langsung\r\nRefrigerant (NON CFC) TBA\r\nMencairkan Semi-Auto', 'kondisi: baru. berat : 15 kilogram', 'kul05.jpg'),
('KUL006', 'Kulkas Lemari Es Sanken SK-GH175', 'kulkas', 100, 2125000, 'Sanken SK-GH175 Kulkas [1 Pintu] merupakan lemari es 1 pintu yang didesain minimaslis dan elegan. Lemari es ini dilengkapi dengan Diamond Tempered Glass sehingga lebih awet dan tahan lama, serta kaca yang kokoh dengan motif Flower memberikan nuansa mewah dan modern yang dapat mempercantik ruang dapur Anda. ', 'kondisi: baru. berat : 30 kilogram', 'kul06.jpg'),
('KUL007', 'FREEZER LG GN-304SL ~ 6 Rak', 'kulkas', 100, 3050000, '- Freezer 6 Rak\r\n- Body Stainless \r\n- Anti Bakteri \r\n- Mechanical Controller\r\n- Bioshield\r\n- Direct Cooling\r\n- Garansi Resmi kompressor 5 Tahun\r\n~ Cocok utk Buat Es batu, penyimpanan daging, ASI, Nugget Dll', 'kondisi: baru. berat : 40 kilogram', 'kul07.jpg'),
('KUL008', 'Kulkas Panasonic NRB269S-Hitam', 'kulkas', 100, 3150000, 'Warna: Hitam n Merah Maroon\r\n- Garansi Resmi 1 Tahun Spareparts & 5 Tahun Kompressor\r\n- 2Pintu - No Frost / Tanpa Bunga es\r\n- Kapasitas : 208Lt \r\n- Automatic Defrost System\r\n- Ag Clean\r\n- Eco Compressor\r\n- LED Ligthing\r\n- Twin Jumbo\r\n- Tempered Glass Tray\r\n- Ice Twister\r\n- Daya Listrik : 97 watt', 'kondisi: baru. berat : 35 kilogram ', 'kul08.jpg'),
('KUL009', 'Freezer Es 4 Rak AQUA AQF-S4', 'kulkas', 100, 2400000, '- Kaps. 4 rak\r\n- Dimensi (WxDxH) 545x635x1035\r\n- PCM Body antikarat\r\n- Top Table dapat di taruh, vas bunga dan gelas.\r\n- Temperature control Manual\r\n- Cabinet Temp (0c) ambient temp 35c -20\r\n- Caster Tidak Ada\r\n- Garansi resmi 7 tahun', 'kondisi: baru. berat : 30 kilogram', 'kul09.jpg'),
('KUL010', 'Kulkas Side By Side Door In Door LG', 'kulkas', 100, 18000000, 'Fitur Kunci :\r\nNon Plumbing Ice and Water Dispenser\r\nInverter Linear Compressor\r\nHygiene Fresh\r\nVacuum Fresh\r\nSliding Drawer\r\n\r\nBaru (Grade ada reject body minor) garansi distributor 6 bln', 'kondisi: baru. berat : 60 kilogram', 'kul10.jpg'),
('KUL011', 'Kulkas Gea Mini Bar RS06DR', 'kulkas', 100, 1200000, '*Pintu bs dibalik\r\n*Pintu Stainless\r\n*Pintu bisa dibalik\r\n*Kaki bisa diatur\r\n*Pintu bs dikunci\r\n*Rak pintu utk botol 2L\r\n*Volume 46Liter\r\n*Daya Listrik : 82 Watt', 'kondisi: baru. berat : 20 kilogram', 'kul11.jpg'),
('KUL012', 'Kulkas 1 Pintu JUMBO Inverter Mitsubishi', 'kulkas', 100, 17900000, '- Kulkas 1 Pintu\r\n- Dilengkapi dengan ruang penyimpanan sayuran dan ruang freezer\r\nDilengkapi dengan rak pintu yang disesuaikan sehingga Anda dapat mengatur tinggi rak dengan mudah mengikuti ukuran wadah makanan untuk menyimpan yang lebih baik\r\n- Fitur : Vitamin Factory, Minus ION, Anti Bacteria Food Liner, Surround Cooling System dan Twin Inverter DC Motor Fan ', 'kondisi: baru. berat : 70 kilogram', 'kul12.jpg'),
('KUL013', 'Sharp Lemari Es King Samurai Series', 'kulkas', 100, 4400000, 'Lemari Es King Samurai Series dari SHARP\r\nKulkas King Samurai Series, desainnya yang mewah ala Samurai Jepang memberikan sentuhan tersendiri untuk interior rumah Anda. Freezernya lebih besar serta hemat listrik. Ayo miliki kulkas cantik ini, lapang isinya dan hemat biaya operasionalnya', 'kondisi: baru. berat : 70 kilogram ', 'kul13.jpg'),
('KUL014', 'Kulkas Lemari Es Samsung', 'kulkas', 100, 6000000, '- Kapasitas 384 Liter\r\n- Dimensi (wxdxh) : 67x68x178 cm\r\n- Berat barang : 69 kg\r\n- Twin Cooling\r\n- LED Lightning\r\n- Digital Inverter Technology \r\n- Extra Fitur and Extra Safe\r\n- Convertible Freezer\r\n- Otomatis Smart Connect Inverter\r\n- Dual Fan Techonology\r\n- Freezer Tanpa Listrik Tahan 12 Jam\r\n- Extra Power Freeze and Cool\r\n- Easy Slide and Fresh Refrigerator Tools\r\n- Fresh Zone and Max Ice Maker\r\n- All Air Rounding Cooling System\r\n- Hemat Energy\r\n- Garansi Resmi Kompresor 10 thn', 'kondisi: baru. berat : 50 kilogram', 'kul14.jpg'),
('KUL015', 'Kulkas 1 Pintu Polytron PRN 180 RC', 'kulkas', 100, 1750000, '- Door : Single\r\n- Gross Capacity (Liter) : 160 Liter\r\n- Handle Type : Non - Handle\r\n- Available Color : Blue/pink/Green\r\n- Ice Twist Tray : yes\r\n- Shelf : 1\r\n- Egg Pocket : 1\r\n- Chiller : 1\r\n- Chrisper : 1\r\n- Bottle Pocket : 3\r\n- EGG Holder Capacity : 16\r\n- Adjustable Foot : Yes\r\n- Defrost System : Manual\r\n- Cooling Capacity (Watt) : 68 Watt\r\n- Voltage Input : 180 - 220 VAC / 50 Hz\r\n- Power Input (Watt) : 80 Watt\r\n- Power Consumption (Watt) : 65 - 68 Watt', 'kondisi: baru. berat : 35 kilogram', 'kul15.jpg'),
('LA0001', 'Laptop Acer Aspire 4738Z', 'laptop', 100, 1850000, '1 GB DDR3 memory. cocok untuk yang mencari laptop murah dan kondisi masih bagus', 'kondisi : bekas. berat : 3 kilogram. kapasitas memori : 256Mb. kapasitas hardisk: 320 GB', 'la01.jpg'),
('LA0002', 'Laptop Acer E1 422', 'laptop', 100, 2600000, 'AMD Dual Core E1-2500. waktu pemakaian masih 1 tahun. tidak ada lecet.', 'kondisi : bekas. berat : 3 kilogram. kapasitas memori : 2Gb. kapasitas hardisk: 500 GB', 'la02.jpg'),
('LA0003', 'Laptop Acer Aspire 4253', 'laptop', 100, 1400000, 'yang mau laptop murah silahkan order ya.', 'kondisi : bekas. berat : 3 kilogram. kapasitas memori : 2Gb. kapasitas hardisk: 250 GB', 'la03.jpg'),
('LA0004', 'Laptop Acer Aspire ES1-331', 'laptop', 100, 1800000, 'tidak ada adapter dan harddisk', 'kondisi : bekas. berat : 3 kilogram. kapasitas memori : 4Gb. kapasitas hardisk: 250 GB', 'la04.jpg'),
('LA0005', 'Laptop Acer Aspire 4739 Core I3', 'laptop', 100, 2850000, 'mulus 97%\r\nmesin normal 100%. \r\nbaterai normal 3-4 jam.\r\nkeyboard empuk semua.', 'kondisi : bekas. berat : 3 kilogram. kapasitas memori : 2Gb. kapasitas hardisk: 320 GB', 'la05.jpg'),
('LA0006', 'Laptop Acer Aspire One 756', 'laptop', 100, 2500000, 'kondisi 98%. Batre Awet 2 Jam. All fungsi Normal Semua\r\n', 'kondisi : bekas. berat : 3 kilogram. kapasitas memori : 2Gb. kapasitas hardisk: 500 GB', 'la06.jpg'),
('LA0007', 'Laptop Acer 4730z', 'laptop', 100, 1300000, 'kondisi brang 97% mulus terawat\r\nminus spiker kanan rusak', 'kondisi : bekas. berat : 3 kilogram. kapasitas memori : 2Gb. kapasitas hardisk: 250 GB', 'la07.jpg'),
('LA0008', 'Laptop Toshiba Ultrabook I7', 'laptop', 100, 5600000, 'batrai -+ 3 jam\r\nkondisi sangat memuaskan 98%', 'kondisi : bekas. berat : 3 kilogram. kapasitas memori : 8Gb. kapasitas hardisk: 250 GB intercore i7 up to 3.2Ghz', 'la08.jpg'),
('LA0009', 'Laptop Toshiba Tecra R840 I5', 'laptop', 100, 3850000, 'Kondisi normal\r\nkondisi fisik mulus sekitar 90%', 'kondisi : bekas. berat : 3 kilogram. kapasitas memori : 4Gb. kapasitas hardisk: 500 GB', 'la09.jpg'),
('LA0010', 'Laptop Toshiba C55 I3 Intel Linux', 'laptop', 100, 5000000, 'Kelengkapan\r\n- Dus + Unit lengkap \r\n- Charger\r\n- Buku Manual\r\n- CD Driver Pembantu ( kosongan )\r\n- Buku Garansi ', 'kondisi : baru. berat : 3 kilogram. kapasitas memori : 4Gb. kapasitas hardisk: 500 GB', 'la10.jpg'),
('LA0011', 'Laptop Toshiba C800', 'laptop', 100, 2400000, 'kondisi mesin dan baterai normal\r\nkelengkapan unit, baterai dan charger\r\ngaransi 1 bulan', 'kondisi : bekas. berat : 3 kilogram. kapasitas memori : 2Gb. kapasitas hardisk: 500 GB', 'la11.jpg'),
('LA0012', 'Laptop Toshiba M500 Core I5', 'laptop', 100, 2200000, 'batre normal 2 jam an\r\nwindows masih original\r\nminus body di bagian lcd & engsel patah, body bagian bawah OK\r\ntombol Del di keyboard hilang\r\nLainnya normal\r\nkelengkapan: laptop + charger', 'kondisi : bekas. berat : 3 kilogram. kapasitas memori : 4Gb. kapasitas hardisk: 500 GB', 'la12.jpg'),
('LA0013', 'Laptop Toshiba Windows 10 Core I3 ', 'laptop', 100, 5175000, ' Fitur\r\n- DVD Super Multi DL Drive\r\n- Bluetooth\r\n- Camera 1,3 megapixel webcam\r\n- Battery 4 Cell\r\n- Webcam, cardreader, 3 Port USB, HDMI,Wifi\r\n- Keyboard ARABIC', 'kondisi : baru. berat : 3 kilogram. kapasitas memori : 4Gb. kapasitas hardisk: 500 GB', 'la13.jpg'),
('LA0014', 'Laptop Toshiba C55-B1057', 'laptop', 100, 4649000, 'Fitur : 1.3 megapixel Webcam,DVD Super Multi DL Drive,Realtek PCIe FE Family Controller,Webcam, cardreader, 3 Port USB, Vga Out, HDMI Qualcomm Atheros AR956x Wireless Network Adapter , DVD Super Multi DL Drive, Bluetooth ', 'kondisi : baru. berat : 3 kilogram. kapasitas memori : 4Gb. kapasitas hardisk: 500 GB', 'la14.jpg'),
('LA0015', 'Laptop Toshiba L50T-1FQ Intel N3700', 'laptop', 100, 4600000, 'Fitur : Realtek PCIe FE Family Controller, DVD Super Multi DL Drive, Bluetooth, Webcam, cardreader, 1 Port USB 2.0, 2 Port 3.0, HDMI, Intel Dual Band Wireless-AC 3160. \r\nLayar : 15,6 HD LED LCD ', 'kondisi : baru. berat : 3 kilogram. kapasitas memori : 4Gb. kapasitas hardisk: 1 TB', 'la15.jpg'),
('MA0001', 'snickers pouch 12pcs', 'makanan', 100, 55000, ' rasa cokelat', 'berisi 12 buah ', 'ma01.jpg'),
('MA0002', 'pancake durian isi 21', 'makanan', 100, 65000, 'rasa pandan', 'berisi 21 buah ', 'ma02.jpg'),
('MA0003', 'bika ambon 1 kotak', 'makanan', 100, 130000, 'rasa pandan ', 'berat :1 kg ', 'ma03.jpg'),
('MA0004', 'makaroni 1 kotak', 'makanan', 100, 90000, 'tanpa pengawet. terdapat rasa keju, balado dan jagung', 'berat : 100 gram', 'ma04.jpg'),
('MA0005', 'lays 600gr', 'makanan', 100, 15000, 'terdapat rasa balado dan rumput laut ', 'berat: 600 gram  ', 'ma05.jpg'),
('MA0006', 'cheetos', 'makanan', 100, 5000, 'terdapat rasa jagung bakar, keju dan balado,cocok untuk cemilan', 'berat: 100 gram   ', 'ma06.jpg'),
('MA0007', 'taro', 'makanan', 100, 7000, 'terdapat rasa rumput laut, balado, dan BBQ', 'berat :100 gram', 'ma07.jpg'),
('MA0008', 'chitato', 'makanan', 100, 15000, 'terdapat rasa BBQ, sapi panggang,dan ayam panggang', 'berat : 200 gram ', 'ma08.jpg'),
('MA0009', 'oreo', 'makanan', 100, 7000, 'cocok untuk cemilan, rasa cokelat. akan tambah nikmat dengan kopi dan susu ', 'berisi 10 buah, berat : 40 gram  ', 'ma09.jpg'),
('MA0010', 'tango', 'makanan', 100, 12000, 'rasa cokelat, dan strawberry ', 'berisi 18 buah berat : 200 gram  ', 'ma10.jpg'),
('MA0011', 'pop mie', 'makanan', 100, 2500, 'tersedia rasa kaldu dan kari ayam', 'berat : 100 gram  ', 'ma11.jpg'),
('MA0012', 'coco crunch', 'makanan', 100, 30000, 'cocok untuk cemilan, rasa cokelat, dan sarapan pagi ', 'berat : 300 gram ', 'ma12.jpg'),
('MA0013', 'tim tam', 'makanan', 100, 10000, 'cocok untuk makanan cemilan di pagi dan malam hari', 'berisi : 100 gram  ', 'ma13.jpg'),
('MA0014', 'twister', 'makanan', 100, 12000, 'cocok untuk cemilan saat nonton', 'berat : 250 gram', 'ma14.jpg'),
('MA0015', 'beng-beng 1 box', 'makanan', 100, 24000, '1 box berisi 20 buah', 'berat : 500 gram', 'ma15.jpg'),
('MBL001', 'Mitsubishi Pajero Sport V6 4x2', 'mobil', 100, 495000000, ' Tipe-tipe New Pajero Sport itu antara lain Pajero Sport Dakar, Pajero Sport Exceed, Pajero Sport GLS, Pajero Sport GLX, serta satu unit yang bermesin bensin, yakni Pajero Sport V6. Untuk New Mitsubishi Pajero Sport versi diesel, pabrikan asal Jepang itu masih mengusung mesin DOHC 2.5 liter 5 silinder yang memiliki kubikasi sebesar 2.500 cc. Sedangkan satu-satunya tipe bensin Pajero Sport V6 menggunakan jantung mesin V6 3.0L SOHC MIVEC yang memiliki kubikasi sebesar 2.988 cc. SUV Modern dengan Kabin Lebih Luas dan Interior Mewah.  Di bawah panel LCD, dashboard Mitsubishi Pajero Sport diisi oleh perangkat audio. Sedangkan ruang kendali utama yang berisikan panel speedometer serta panel MID terletak di bagian kanan, tepat di depan setirnya. Selain itu, spesifikasi New Mitsubishi Pajero Sport ini juga mengusung desain Paddle Shift yang terlihat lebih mencolok dari versi lamanya. ', 'Tipe Mesin	 	:  V6 3.0L SOHC MIVEC (6B31).\r\nKubikasi 			:  2,988\r\nRasio Kompresi		: 16,5\r\nTenaga Maksimum(PS/rpm) 	: 220PS\r\nTorsi Maksimum(N.M/rpm)	: 28,7 Nm/4000rpm\r\nKapasitas Tangki		: 70L\r\nBerat Kosong		: 2,710	', 'mbl01.jpg'),
('MBL002', 'Toyota Fortuner 2,4 G M/T ', 'mobil', 100, 442000000, 'Mulai dari lampu depannya, All New Fortuner berhasil tampil lebih modis dengan desain headlamp berteknologi Bi-Beam Hi Tech LED Projector yang  lebih slim. Headlamp-nya sendiri sudah terintegrasi dengan DRL dan Auto Leveling sehingga tidak menyilaukan.  All New Fortuner juga disematkan power back door yang bisa terbuka dan tertutup hanya lewat tombol. memiliki fitur steering switch, paddle shift and sequential, fotur Eco/Power Mode, rear Diff Lock, dan juga fitur paddle shift. ukuran panjang 4.795 mm, lebar 1.855 mmx dan tinggi 1.835 mm. ', 'Tipe Mesin	 	:  Diesel 2.4L VNT\r\nKubikasi 			:  2,393\r\nDaya Maksimum(PS/rpm) 	: 149,6 Ps/3.400 rpm\r\nTorsi Maksimum(N.M/rpm)	: 40,8 Kgm/1.600-2.000 rpm\r\nKapasitas Tangki		: 80L', 'mbl02.jpg'),
('MBL003', 'Toyota Avanza type E 1,3M/T', 'mobil', 100, 180000000, 'Toyota mengusung desain lampu utama klasik berbentuk trapesium dengan ujung meruncing keluar ke bagian bodi samping. Selain itu, Toyota Avanza versi baru ini juga memiliki desain grille radiator baru yang ukurannya lebih besar. Bagian tengah dashboard pada Grand New Toyota Avanza diisi oleh panel layar Multi Information Display (MID) yang menggunakan panel layar LCD. Di bawah layar MID ada tombol audio dan juga AC. Lalu, pada bagian ruang kendali Toyota Avanza sebelah kanan tepat di depan setir ditempati oleh panel speedometer yang terdiri dari tiga lingkaran. Pada panel ini dilengkapi juga dengan ECO lamp indicator, fuel indicator, serta indikator lampu utama dan lampu sein.Toyota mengusung tipe mesin DOHC empat silinder 16 katup dengan teknologi Dual VVT-i. Keberadaan teknologi Dual VVT-i dan disokong dengan sistem pasokan bahan bakar EFI akan membuat performa Toyota Avanza tetap bertenaga sekaligus irit konsumsi BBM.', 'Tipe Mesin	 	:  IL, 4 Cylinder, 16 Valve, DOHC, Dual VVT-i\r\nKubikasi 			:  1,329 cc\r\nDaya Maksimum(PS/rpm) 	: 95,5 Ps/6000 rpm\r\nTorsi Maksimum(N.M/rpm)	: 12,3Nm/4200 rpm\r\nKapasitas Tangki		: 45L', 'mbl03.jpg'),
('MBL004', 'Honda Jazz A M/T', 'mobil', 100, 210000000, 'sistem pengereman yang sudah dilengkapi dengan fitur ABS + EBD. Desain Bodi Aerodinamis. Auto Leveling Headlight, yaitu teknologi pangatur ketinggian sorot lampu dan Green Glass untuk menangkal sinar UV yang tersedia di semua tipe. ada fitur Advance Audio-Video System Touchscreen, One Push Ignition System, serta Audio Steering Switch yang hadir untuk Honda Jazz RS.sudah terdapat Eco-Assist untuk New Honda Jazz semua tipe. Fitur tersebut berfungsi untuk memberikan informasi secara real time bagi pengemudi mengenai konsumsi BBM dengan pola indikator warna. penerapan kemudi berteknologi Rack & Pinion with Electric Power Steering (EPS). Untuk pengeremannnya, pada rem depan sudah menganut rem cakram berventilasi dan rem belakang berupa drum.', 'Tipe Mesin	 	:  1.5 L SOHC silinder segaris, 16 katup i-VTEC + DBW\r\nKubikasi 			:  1.329 cc\r\nDaya Maksimum(PS/rpm) 	: 88Kw(120PS)/6.000rpm\r\nTorsi Maksimum(N.M/rpm)	: 14,8kgm(145Nm)/4800rpm\r\nKapasitas Tangki		: 40L', 'mbl04.jpg'),
('MBL005', 'Toyota Yaris tipe E M/T', 'mobil', 100, 228000000, 'konsep body sporty yang aerodinamis, Front bumper ini juga berfungsi sebagai penutup radiator, ', 'Tipe Mesin	 	:  IL 4 Cyl 16 V DOHC VVT-i\r\nKubikasi 			:  1.497 cc\r\nDaya Maksimum(PS/rpm) 	: 109PS/6000rpm\r\nTorsi Maksimum(N.M/rpm)	: 14,4kgm/4200rpm\r\nKapasitas Tangki		: 42L', 'mbl05.jpg'),
('MBL006', 'Honda BR-V tipe S 6M/T', 'mobil', 100, 227000000, 'Honda BR-V pun tampil lebih slim jika dibandingkan dengan mobil-mobil tipe crossover lainnya. Interior Modern Dengan Kabin Luas Berkapasitas 7 Penumpang. Honda BRV didukung oleh sistem suspensi MacPherson Strut untuk bagian depan, dan H-Shape Torsion Beam untuk bagian belakang. Kaki-kaki Honda BR-V disokong oleh velg 16 inci dan dibalut oleh ban berukuran 195/60/R16. Untuk fitur pengereman, spesifikasi Honda BRV menggunakan teknologi rem ABS EBD (Electronic Brakeforce Distribution) sehingga laju kendaraan bisa lebih terkontrol.variannya, spesifikasi Honda BRV akan terbagi dalam 3 tipe, yaitu S (M/T), E (M/T, CVT) serta Prestige (CVT). Untuk varian paling tinggi adalah Prestige (CVT), di mana varian tersebut Honda akan membenamkan fitur spesial, seperti fitur Vehicle Stability Assist, Hill Start Assist, Nano E-ionizer serta Aero Kit. ', 'Tipe Mesin	 	:  i-VTEC\r\nKubikasi 			:  1.496 cc\r\nDaya Maksimum(PS/rpm) 	: 88 Kw(120 PS)/6.600 rpm\r\nTorsi Maksimum(N.M/rpm)	: 145 Nm/4.600 rpm', 'mbl06.jpg'),
('MBL007', 'Honda HR-V 1.5L A M/T', 'mobil', 100, 253000000, ' headlamp Honda HRV yang sudah berteknologi LED Projector plus DRL yang melengkapi sektor penerangan dengan bentuk ergonomis namun terlihat eksklusif. Untuk foglamp sendiri dibangun dengan tidak terlalu mencolok dengan penempatan bingkai beraksen karbon yang semakin menambah aura sporty untuk tampilan depan.Pada bagian dashboard terdapat panel instrumen seperti MID LED display, Eco Asssit,  Audio-Video System, Auto AC, serta setir kemudi yang dirancang sporty . ', 'Tipe Mesin	 	:  SOHC 16 Valve i-VTEC\r\nKubikasi 			:  1.497 cc\r\nDaya Maksimum(PS/rpm) 	: 120PS/5600rpm\r\nTorsi Maksimum(N.M/rpm)	: 145Nm/4600rpm', 'mbl07.jpg'),
('MBL008', 'Kijang Innova Type G A/T Gasoline', 'mobil', 100, 291000000, 'Interior Mewah Khas MPV Kelas Atas Sajikan Kenyamanan Ekstra. Dimensi Pas dengan Kabin Luas Didukung Suspensi Handal. New Kijang Innova dalam dua pilihan tipe mesin, yakni mesin bensin 2.0L serta mesin diesel 2.4L.  ', 'Tipe Mesin	 	:  4 Silinder Segaris, 16 Katup, DOHC, VVT-i\r\nKubikasi 			:  1.998 cc\r\nDaya Maksimum(PS/rpm) 	: 136PS/5600rpm\r\nTorsi Maksimum(N.M/rpm)	: 18,6kgm/4000rpm\r\nKapasitas Tangki		: 55L', 'mbl08.jpg'),
('MBL009', 'Accord 2,4L VTi-L ES', 'mobil', 100, 656500000, ' Tampilan Desain Eksterior yang Mewah dan Menawan. Tampilan Desain Interior Mewah yang Memberikan Kenyamanan Penuh. kabin belakang pun dilengkapi dengan side sunshade dan rear windows power shunsade yang dapat menerpa teriknya matahari pada saat pagi,siang atau sore hari. Honda Accord ini sanggup meraih top speed mencapai 200 km/jam lebih. Pertama adalah fitur yang berhubungan dengan mesin yakni sistem perpindahan gigi transmisi otomatis yang bisa dilakukan secara manual melalui paddle shift di lingkar kemudi membuat pengemudi lebih maksimal dalam mengeksplorasi performa Honda Accord ini. Kedua adalah fitur Cruise Control Fitur yang memungkinkan kendaraan dapat melaju secara konstan tanpa perlu menginjak pedal akselerasi secara terus menerus. Ketiga ada fitur ECON Mode pada spesifikasi Honda Accord dengan terdiri dari ECO Button dan ECO Assist akan memberikan petunjuk kepada pengemudi untuk memberikan informasi mengenai konsumsi bahan bakar sesuai dengan pengukuran gaya berkendara sehingga akan menghasilkan konsumsi bahan bakar Honda Accord yang lebih irit dan efisien. Penggunaan fitur tersebut akan menekan konsumsi bahan bakar hingga 20 %. Keempat ada sistem Drive By Wire pada spesifikasi Honda Accord yang dapat memberikan sistem kemudi secara bertahap untuk melakukan perpindahan transmisi maupun pengoperasian AC yang mana akan menghasilkan performa yang maksimal. ', 'Tipe Mesin	 	:  DOHC 4 silinder segaris dengan 16 katup i-VTEC \r\nKubikasi 			:  2.356 cc\r\nTenaga Maksimum(PS/rpm) 	: 176PS/6200rpm\r\nTorsi Maksimum(N.M/rpm)	: 225Nm/4000rpm\r\nKapasitas Tangki		: 65L', 'mbl09.jpg'),
('MBL010', 'Honda Civic', 'mobil', 100, 475000000, 'Tampilan Eksterior dengan Desain Elegan dan Lebih Atraktif. Honda Civic terbaru ini mampu menampung 4  5 orang penumpang termasuk pengemudi. fitur berteknologi tinggi, yaitu dengan kehadiran Intelligent Multi-Information Display (i-MID) yang akan memberikan informasi penting kepada pengendaranya tentang jumlah bahan bakar, waktu, jarak, yang sudah ditempuh dan jarak yang masih bisa ditempuh dengan sisa bahan bakar yang masih tersisa. fitur pendukung seperti HDMI Port, USB Port Wireless Smart Connection, Bluetooth dan WiFi Tethering. Honda Civic ini mnggunakan teknologi ABS dan EBD. Honda Civic 2016 juga dilengkapi dengan fitur keamanan antara lain, Alarm System, Keyless Entry, Autolock System, Smart Entry, Immobilizer, dan Rear Trank Opener sebagai alat membuka pintu bagasi belakang melalui keyless entry ataupun tombol yang ada di dalam mobil. ', 'Tipe Mesin	 	:  4 Silider Segaris, VTEC Turbo DOHC, 16 Katup + DBW\r\nKubikasi 			:  1.498 cc\r\nDaya Maksimum(PS/rpm) 	: 173 PS / 5.500 rpm\r\nTorsi Maksimum(N.M/rpm)	: 220 Nm / 1.700-5.500 rpm', 'mbl10.jpg'),
('MBL011', 'Honda CR-V 2.0 i-VTEC', 'mobil', 100, 405000000, 'Fitur Sun Roof ini disempurnakan dengan kaca Heat Rejecting Green Tinted Glass yang akan mengatur suhu dalam mobil ketika sinar matahari masuk ke dalam mobil. fitur Smart Entry yang akan secara pintar membuka tutup pintu dimana anda hanya perlu untuk menekan tombol di pintu.  Power Tailgate juga menjadi fitur yang amat spesial pada spesifikasi Honda CRV 2016 dimana anda hanya perlu untuk menekan tombol dan electric motor yang ada di kargo untuk membuka pintu bagasi.Dengan Mounted Controls di stir Honda CR-V 2016 ini anda bisa mengatur musik, menjawab telepon dengan bluetooth atau mengakses sistem navigasi.', 'Tipe Mesin	 	:  4 silinder dengan teknologi i-VTEC \r\nKubikasi 			:  1.998 cc\r\nDaya Maksimum(PS/rpm) 	: 185 PS\r\nTorsi Maksimum(N.M/rpm)	: 245NM', 'mbl11.jpg'),
('MBL012', 'Honda CR-Z 1.5 CVT', 'mobil', 100, 565500000, 'fitur pengereman berteknologi yaitu ABS+EBD+BA yang memberikan keamanan dan kenyamanan berkendara. Automatic Climate Control yang dapat memberikan kesejukan suhu yang tepat untuk pengemudi dan penumpang di dalam kabin secara merata sesuai dengan arah matahari pada mobil. Lalu pada spesifikasi Honda CR-Z juga terdapat Bluetooth, CD player dan USB auxiliary input yang memberikan pilihan sumber pemutaran audio yang lebih luas yang didukung dengan 6 buah speaker Audio System yang menghasilkan kualitas audio yang cukup memanjakan telinga. Voice-Controlled Navigation System yang memberikan petunjuk arah dengan suara sesuai dengan pilihan destinasi tujuan. Bluetooth handsfree dan hands-free text messaging juga dapat memudahkan pengemudi untuk berkomunikasi tanpa mengganggu konsentrasi pada saat mengemudikan Honda CR-Z ini. ', 'Tipe Mesin	 	:   SOHC 1.5L 4 silinder segaris dengan 16 katup, i-VTEC, DWB dan TBR\r\nKubikasi 			:  1.497 cc\r\nDaya Maksimum(PS/rpm) 	: 120PS/6600rpm\r\nTorsi Maksimum(N.M/rpm)	: 145Nm/4200rpm\r\nKapasitas Tangki		: 40L', 'mbl12.jpg'),
('MBL013', 'Honda Odyssey tipe 2.4 Prestige AT', 'mobil', 100, 756800000, 'pencahayaan bagian belakang yang cukup lengkap, seperti active cornering light, LED high mount stop lamp, LED rear combination light. Honda Odyssey ini dilengkapi dengan perangkat Honda Link yang memberikan informasi kendaraan disekitar mobil ini. Lalu 8-inch Inteligent Multi-Information Display (i-MID) memberikan informasi yang lengkap mengenai kondisi mobil ini saat digunakan. Lalu Blind Spot Information System akan memberikan informasi mengenai suat objek disekitar Honda Odyssey ini  ', 'Tipe Mesin	 	: DOHC 4 silinder, 16 Valve dengan i-VTEC berkapasitas 2.4 liter\r\nKubikasi 			:  2.400 cc\r\nDaya Maksimum(PS/rpm) 	: 175PS/6200rpm\r\nTorsi Maksimum(N.M/rpm)	: 23kgm/4000rpm\r\nKapasitas Tangki		: 55L', 'mbl13.jpg'),
('MBL014', 'Honda City tipe S M/T', 'mobil', 100, 446000000, ' Fitur Siri Eyes Free Voice juga akan membantu anda untuk menavigasi mobil ini langsung dari suara anda. Ketersediaan Bluetooth akan semakin memudahkan anda untuk mengintegrasikan gadget anda dengan mobil ini. Selain itu kamera belakang, hill start assist dan cruise control yang tersedia dalam spesifikasi Honda City juga siap untuk memudahkan anda dalam mengendarai mobil ini.  fitur Dual SRS Airbags, ABS-EBD, Safety Belt Double Load Limiter, dan Auto Door Locked ', 'Tipe Mesin	 	:  1.5 L inline-4 i-VTEC \r\nKubikasi 			:  1.500 cc\r\nDaya Maksimum(PS/rpm) 	: 117 PS/6000rpm\r\nTorsi Maksimum(N.M/rpm)	: 4700rpm', 'mbl14.jpg'),
('MBL015', 'Honda Mobilio S M/T', 'mobil', 100, 205000000, 'Untuk bagian panel instrumen dashboard Honda Mobilio, pada panel meter cluster dibangun dengan bentuk lebih eye catching dan futuristik dengan tampilan 3 display meter yang sanggup memberikan informsi akurat dan mudah dipantau oleh pengemudi. Sedangkan pada bagian tengah display meter terdapat instrumen multi information LCD display sebagai pemberi informasi kosumsi BBM dan jarak tempuh dengan desain informatif. Kemudian, pada dashboard Honda Mobilio juga tedapat panel sistem audio modern untuk kebutuhan entertainment secara lengkap. Berpindah pada bangku kemudinya, ruang kemudi Mobilio dirancang dengan bahan semi-bucket yang memiliki desain ergonomis sehingga menjamin kenyamanan maksimal saat mengemudi  Power Door Mirror, Power Window, Power Outlet, Green Glass, Footres, Eco Indicaor, serta AC Double Blower yang kesemuanya tersedia di semua tipe Mobilio. Sedangkan spesifikasi Honda Mobilio pada bagian keamanannya, sudah tersedia fitur Wave Key, Keyless Entry (tipe E), Immobilizer, dan Security Alarm (tipe E).', 'Tipe Mesin	 	:  1.5 L SOHC 4 silinder segaris,16 katup i-VTEC + DBW\r\nKubikasi 			:  1.496 cc\r\nDaya Maksimum(PS/rpm) 	: 118PS/6600rpm\r\nTorsi Maksimum(N.M/rpm)	: 14,8kgm/4600rpm\r\nKapasitas Tangki		: 42L', 'mbl15.jpg'),
('MCA001', 'SANDISK SDXC 64GB EXTREME UP TO 90MB/S', 'kartu memori', 100, 375000, 'garansi seumur hidup', 'kondisi: baru. berat : 50 gram Kapasitas : 64 Gb. Merek : SanDisk', 'mca01.jpg'),
('MCA002', 'SANDISK SDHC 16GB EXTREME UP TO 90MB/S', 'kartu memori', 100, 150000, 'garansi seumur hidup', 'kondisi: baru. berat : 50 gram Kapasitas : 16 Gb. Merek : SanDisk', 'mca02.jpg'),
('MCA003', 'SANDISK SDHC 32GB EXTREME UP TO 90MB/S', 'kartu memori', 100, 225000, 'garansi seumur hidup', 'kondisi: baru. berat : 50 gram Kapasitas : 32 Gb. Merek : SanDisk', 'mca03.jpg'),
('MCA004', 'SD Sandisk Extreme 16GB (UHS-I Speed 45 MBps)', 'kartu memori', 100, 240000, 'Mumpuni untuk HD video dan continous shoot', 'kondisi: baru. berat : 100 gram Kapasitas : 16 Gb. Merek : Sandisk', 'mca04.jpg'),
('MCA005', 'Memory Micro Sd Vgen 8gb', 'kartu memori', 100, 35000, 'murah meriah', 'kondisi: baru. berat : 50 gram Kapasitas :8 Gb. Merek : Vgen', 'mca05.jpg'),
('MCA006', 'Micro Sd Maestro 16gb Class 6', 'kartu memori', 100, 50000, 'garansi seumur hidup', 'kondisi: baru. berat : 50 gram Kapasitas : 16 Gb. Merek : Vgen', 'mca06.jpg'),
('MCA007', 'Toshiba Micro SDHC UHS-I 90MBps 16GB', 'kartu memori', 100, 70000, '- Full HD video recording\r\n- waterproof\r\n- shock proof\r\n- X-ray proof', 'kondisi: baru. berat : 50 gram Kapasitas : 16 Gb. Merek : Toshiba', 'mca07.jpg'),
('MCA008', 'ViVAN Microflash 32GB Class 10 70Mb/S ', 'kartu memori', 100, 143000, 'Read Speed: 70Mb/s\r\nWrite Speed: 12Mb/s\r\nCard version: MicroSDHC Memory Card', 'kondisi: baru. berat : 50 gram Kapasitas : 32 Gb. Merek : microflash', 'mca08.jpg'),
('MCA009', 'Bcare Micro SD Class 10 80 Mb/S- 32Gb', 'kartu memori', 100, 107000, ' Kecepatan baca 80Mb/s, Kecepatan tulis 48 Mb/s', 'kondisi: baru. berat : 50 gram Kapasitas : 32 Gb. Merek : Bcare', 'mca09.jpg'),
('MCA010', 'Bcare Micro SD Class 10 - 8Gb', 'kartu memori', 100, 36000, 'Kecepatan baca 80Mb/s, Kecepatan tulis 48 Mb/s', 'kondisi: baru. berat : 50 gram Kapasitas : 8 Gb. Merek : Bcare', 'mca10.jpg'),
('MCA011', 'Bcare Micro SD Class 10 80 Mb/S- 16Gb', 'kartu memori', 100, 62000, 'Kecepatan baca 80Mb/s, Kecepatan tulis 48 Mb/s', 'kondisi: baru. berat :50 gram Kapasitas : 16Gb. Merek : Bcare', 'mca11.jpg'),
('MCA012', 'Kingston MicroSDHC 32GB UHS-1 Class 10', 'kartu memori', 100, 124000, 'garansi seumur hidup', 'kondisi: baru. berat : 50 gram Kapasitas : 32 Gb. Merek : Kingston', 'mca12.jpg'),
('MCA013', 'Kingston MicroSDHC 8GB UHS-1 Class 10', 'kartu memori', 100, 52000, 'garansi seumur hidup', 'kondisi: baru. berat : 50 gram Kapasitas :8 Gb. Merek : Kingston', 'mca13.jpg'),
('MCA014', 'Micro Sd Vgen 16gb Turbo', 'kartu memori', 100, 66000, 'Kecepatan Baca Up to 85MB/detik\r\nKecepatan Tulis Up to 25MB/detik', 'kondisi: baru. berat : 50 gram Kapasitas : 16 Gb. Merek : Vgen', 'mca14.jpg'),
('MCA015', 'Micro SD Samsung 16GB Class 10', 'kartu memori', 100, 50000, '- Quality KW Super (Not Genuine)\r\n- Reliable Samsung TF card\r\n- Water-proof, shock-proof and magnet-proof\r\n- Working Voltage: 2.7~3.6V\r\n- Read Speed: 24MB/s\r\n- Write Speed: 13MB/s', 'kondisi: baru. berat : 50 gram Kapasitas : 16 Gb. Merek : Samsung', 'mca15.jpg'),
('MI0001', 'aqua 1500 ml', 'minuman', 100, 5500, ' berasal dari air gunung pilihan. ', 'kondisi baru\r\n	berat : 1.6 kilogram ', 'mi01.jpg'),
('MI0002', 'ultra milk coklat 1 kotak', 'minuman', 100, 95000, '1 kotak berisi 40 buah', 'kondisi baru ,berat: 6 kilogram ', 'mi02.jpg'),
('MI0003', 'ultra milk coklat  125ml', 'minuman', 100, 4000, 'susu coklat 125ml', 'kondisi baru, berat :200gram ', 'mi03.jpg'),
('MI0004', 'ultra milk coklat  250ml', 'minuman', 100, 5000, 'susu coklat 250ml', 'kondisi baru, berat :375gram ', 'mi04.jpg'),
('MI0005', 'suplemen fitness muscle juice revolution 4.69lbs', 'minuman', 100, 500000, ' FREE SHAKER. Muscle Juice Revolution 2600 merupakan produk SUSU GAINER yang setingkat lebih tinggi diatas Muscle Juice 2544. Karena memiliki tingkat protein lebih banyak dari Muscle Juice biasa.\r\n', 'kondisi baru, berat :3 kilogram ', 'mi05.jpg'),
('MI0006', 'pocari sweat 2000ml ', 'minuman', 100, 18000, ' 2000ml ', 'kondisi baru, berat :2100gram ', 'mi06.jpg'),
('MI0007', 'pocari sweat kaleng 330ml 1 kotak', 'minuman', 100, 130000, '1 kotak berisi 24 buah', 'kondisi baru, berat :10kilogram ', 'mi07.jpg'),
('MI0008', 'minute maid pulpy orange 350ml', 'minuman', 100, 7000, 'isi bersih 350ml', 'kondisi baru, berat :500gram ', 'mi08.jpg'),
('MI0009', 'sirup kurnia rasberry 500ml', 'minuman', 100, 19000, '500ml', 'kondisi baru, berat :1,35kilogram ', 'mi09.jpg'),
('MI0010', 'bsn syntha6 concentrade', 'minuman', 100, 700000, 'Suplemen Syntha 6 whey protein 5lbs ini mempunyai terobosan baru untuk rasa dari whey protein dengan komposisi 22 gram protein, 10 gram essential amino acid dan 5 gram BCAA', 'kondisi baru, berat :3 kilogram ', 'mi10.jpg'),
('MI0011', 'milo profesional complete mix', 'minuman', 100, 75000, 'milo keluaran terbaru', 'kondisi baru, berat :1 kilogram ', 'mi11.jpg'),
('MI0012', 'L-Men platinum high protein', 'minuman', 100, 390000, 'di minum sebelum dan sesudah olahraga', 'kondisi baru, berat :1,2 kilogram ', 'mi12.jpg'),
('MI0013', 'fruit tea pouch 230ml x 24pcs', 'minuman', 100, 40000, '230ml x 24 pcs', 'kondisi baru, berat :4 kilogram ', 'mi13.jpg'),
('MI0014', 'super O2', 'minuman', 100, 6000, '500ml dengan banyak mineral', 'kondisi baru ', 'mi14.jpg'),
('MI0015', 'pulpy orange 1L', 'minuman', 100, 12000, '1L air jeruk yang menyegarkan dan mengandung vitamin C.', 'kondisi baru ', 'mi15.jpg'),
('MTR001', 'yamaha Nmax Abs', 'motor', 100, 28900000, 'Yamaha NMAX membawa beberapa fitur yang lebih canggih seperti Blue Core, ABS (Anti-Lock Brake System) dan VVA (Variable Valve Actuation).\r\n ', 'Tipe Mesin		 :	Liquid cooled 4 Stroke, SOHC\r\nPerbandingan kompresi 	 :	10,5:1\r\nDaya Maksimum 		 :	11,1 kw/8000 rpm\r\nTorsi Maksimum 		 :	14,4 Nm/6000 rpm\r\nKapasitas Oli Mesin 		 :	1,00 L : Berkala=0,90 L\r\nBerat Isi 			 :	127 kg\r\nKapasitas tangki bensin 	 :	6,61L\r\nUkuran Ban depan 		 :	110/70  13M/C 48P\r\nUkuran Ban belakang 	 :	130/70  13M/C 63P\r\nRem Depan		 :	Single disc brake (ABS)\r\nRem belakang 		 :	Single disc brake (ABS) ', 'mtr01.jpg'),
('MTR002', 'yamaha R15 movistar', 'motor', 100, 30000000, 'Yamaha YZF R15 Movistar MotoGP Sepeda Motor merupakan motor sport full fairing dengan desain stripping yang sporty, 6 speed, dan kapasitas mesin 149.8 cc SOHC yang menghasilkan maximal power 12.2 K.W / 8500 rpm. Selain itu, motor sport ini dilengkapi dengan sistem pengereman double cakram yang menambah keamanan dan kenyamanan Anda saat berkendara. \r\n ', 'Berat			: 136 kg\r\nKapasitas tangki bensin	: 12 liter\r\nTipe mesin		: 4 langkah, 4 valve SOHC, berpendingin cairan\r\nPerbandingan kompresi	: 10,4 : 1\r\nDaya maksimum		: 12,2 kW / 8500 rpm\r\nTorsi maksimum		: 14,5 Nm / 7500 rpm\r\nKapasitas oli mesin		: Total : 1,15 liter / berkala : 0,95 liter / ganti filter oli : 1 liter\r\nSistem bahan bakar		: Fuel Injection System\r\nTipe transmisi		: Return, 6 kecepatan(1-N-2-3-4-5-6)', 'mtr02.jpg'),
('MTR003', 'honda supra GTR 150', 'motor', 100, 22000000, 'ban sudah di lengkapi tubeless dan cocok untuk touring kemana-mana.\r\n', 'Berat			: 119 kg\r\nKapasitas tangki bensin	: 4.5 liter\r\nTipe mesin		: 4 langkah, DOHC 4 katup\r\nPerbandingan kompresi	: 11,3 : 1\r\nDaya maksimum		: 11,6 kW / 9000 rpm\r\nTorsi maksimum		: 13,5 Nm / 6500 rpm\r\nKapasitas oli mesin		:berkala : 1,1 liter\r\nSistem bahan bakar		: PGM-FI\r\nTipe transmisi		: Return, 6 kecepatan(1-N-2-3-4-5-6)', 'mtr03.jpg'),
('MTR004', 'yamaha Vixion', 'motor', 100, 25000000, 'yamaha vixion dengan kapasitas 150 cc\r\n', 'Berat			: 131 kg\r\nKapasitas tangki bensin	: 12 liter\r\nTipe mesin		: 4 langkah berpendingin cairan, SOHC\r\nPerbandingan kompresi	: 10,4 : 1\r\nDaya maksimum		: 12,2 kW / 8500 rpm\r\nTorsi maksimum		: 14,5 Nm / 7500 rpm\r\nKapasitas oli mesin		: Total : 1,15 liter / berkala : 0,95 liter / ganti filter oli : 1 liter\r\nSistem bahan bakar		: Fuel Injection System\r\nTipe transmisi		: 1-N-2-3-4-5', 'mtr04.jpg'),
('MTR005', 'yamaha R25', 'motor', 100, 60000000, 'P x L x T			:2.090 mm x 720 mm x 1.135 mm\r\nJarak sumbu roda		:1.380 mm\r\nJarak terendah ke tanah	:160 mm\r\nTinggi tempat duduk		:780 mm', 'Berat			: 166 kg\r\nKapasitas tangki bensin	: 14,3 liter\r\nTipe mesin		:4 langkah, 8 Valve DOHC Berpendingin cairan\r\nPerbandingan kompresi	: 11,6 : 1\r\nDaya maksimum		: 27,2 kW / 12000 rpm\r\nTorsi maksimum		: 23,2 Nm / 10000rpm\r\nKapasitas oli mesin		: Total = 2,40 L\r\nSistem bahan bakar		: Fuel Injection System\r\nTipe transmisi		: Return, 6 kecepatan(1-N-2-3-4-5-6)', 'mtr05.jpg'),
('MTR006', 'yamaha Xabre 150', 'motor', 100, 30000000, 'P x L x T			:1.959 x 795 x 1.065  mm\r\nTinggi Jok:		:805 mm\r\nJarak terendah ke tanah	164 mm\r\nFull digital speedometer, full lampu LED\r\n ', 'Berat			: 135 kg\r\nKapasitas tangki bensin	: 10,2 liter\r\nTipe mesin		:4-Valve, SOHC, Liquid Cooled\r\nPerbandingan kompresi	: 10,4 : 1\r\nDaya maksimum		: 12 kW / 8500 rpm\r\nTorsi maksimum		: 14,3 Nm / 7500rpm\r\nSistem bahan bakar		: Fuel Injection System\r\nTipe transmisi		: Return, 6 kecepatan(1-N-2-3-4-5-6)', 'mtr06.jpg'),
('MTR007', 'yamaha MT 25', 'motor', 100, 47000000, 'P x L x T (mm)		:	2.090 x 720 x 1.135 (mm)\r\nTinggi Jok			:	780 mm (30.7 inci)\r\n', 'Berat			: 165 kg\r\nKapasitas tangki bensin	: 15 liter\r\nTipe mesin		:4-tak, DOHC 8-Valves, 249 cc, Liquid Cooled\r\nPerbandingan kompresi	: 11,6 : 1\r\nDaya maksimum		: 26,5 kW / 12000 rpm\r\nTorsi maksimum		: 22,6 Nm / 10000rpm\r\nSistem bahan bakar		: Fuel Injection System\r\nTipe transmisi		: Return, 6 kecepatan(1-N-2-3-4-5-6)', 'mtr07.jpg'),
('MTR008', 'honda CBR 150R', 'motor', 100, 36000000, 'Desain Lebih Agresif dan Sporty dengan Konsep Body Benar-benar Baru.\r\n bagian lampu depan yang kini dibuat menyipit atau V-shape dengan teknologi LED, sekilas cukup mirip dengan desain lampu Honda CBR500RR. Sementara untuk bagian tangkinya juga sudah ideal, dengan dimensi yang tak terlalu besar ataupun kecil. \r\nKonsol Meter Full Digital dengan Instrumen Indikator yang Informatif.\r\nintsrumen panel pada Honda CBR150R yang terdiri dari speedometer, odometer, tripmeter, fuel meter dan lain-lain ini juga diracik dengan cukup informatif dan mudah dipantau dengan lampu latar berwarna biru.\r\nPerforma Lebih Responsif dan Hemat Bahan Bakar dengan Mesin Baru 150cc DOHC 4-Valve\r\nspeedometer memiliki sapaan See You.\r\ntangki bahan bakar berkapasitas 12 liternya Honda CBR150R mampu digeber sampai jarak 492,1 km\r\n', 'Berat			: 135 kg\r\nKapasitas tangki bensin	: 12 liter\r\nTipe mesin		:4 Stroke, DOHC 4-Valve,liquid cooled with auto fan\r\nPerbandingan kompresi	: 11,3 : 1\r\nDaya maksimum		: 12,6 kW / 9000 rpm\r\nTorsi maksimum		: 13,7 Nm / 7000rpm\r\nSistem bahan bakar		: Fuel Injection System\r\nTipe transmisi		: Return, 6 kecepatan(1-N-2-3-4-5-6)', 'mtr08.jpg'),
('MTR009', 'honda CBR 250R', 'motor', 100, 65000000, 'Mengusung Desain Aerodinamis Tegaskan Konsep Sporty dan Stylish.\r\nDilengkapi Panel Indikator Digital Tampilkan Kesan Sporty.\r\nHonda CBR250RR ini juga  dilengkapi dengan beberapa kelengkapan\r\nantara lain takometer yang menggunakan bar warna putih dengan redline 14.000 RPM dan limiter 16.000 RPM. Kemudian, tak ketinggalan juga speedometer, power mode, odometer dan tripmeter, bar fuelmeter, pengukuran suhu mesin, dan jam digital juga disematkan pada panel Honda CBR250RR ini\r\nDimensi Gagah Tampilkan Kesan Stylish\r\nSuspensi Kokoh dan Nyaman.\r\nUntuk suspensi :  di bagian depan, Honda CBR250RR akan dibekali dengan tipe suspensi Inverted Telescopic. Sedangkan, untuk suspensi pada bagian belakang, akan mengandalkan suspensi Aluminium Swing Arm (5 Adjustable Mono Suspension with Pro-Link System). Sehingga, tak perlu diragukan lagi jika motor sport bertajuk Honda CBR250RR ini akan mampu menahan beban pengemudi maupun penumpangnya dan tetap mampu menjaga kestabilan motor ketika dikemudikan.\r\nuntuk pengereman : pada bagian depan akan dibekali sistem pengereman Hydraulic Disc Dual Piston untuk tipe standar dan ABS. Sementara itu, untuk rem belakang akan dibekali dengan Hydraulic Disc Single Piston untuk tipe standar maupun ABS.\r\nDitenagai Mesin Parallel Twin Cylinder Berkapasitas 249,7 cc.\r\n \r\n ', 'Kapasitas tangki bensin	: 14,5 liter\r\nTipe mesin		: 4-Stroke, 8-Valve, Parallel Twin Cylinder\r\nPerbandingan kompresi	: 11,5 : 1\r\nDaya maksimum		: 44-49Tk / 14000 rpm\r\nSistem bahan bakar		: Fuel Injection System\r\nTipe transmisi		: Return, 6 kecepatan(1-N-2-3-4-5-6)', 'mtr09.jpg'),
('MTR010', 'honda vario 150', 'motor', 100, 20000000, 'Tampil Lebih Agresif dan mewah.\r\nDimensi Lebih Besar daripada Varian Lawasnya\r\nDual Keen Eyes Headlight yang Mempercantik Bagian Depannya.\r\nPanel Indikator yang Lengkap : indikator kecepatan, indikator bahan bakar, indikator trip meter, indikator mesin dan indikator lampu serta sein.\r\nteknologi esp dan ISS(Idling Stop system) : konsumsi BBM yang teririt di kelasnya karena mampu menembus jarak 52,9 km/liter dan emisi Euro 3.\r\nfitur : \r\n1. Ignition Key dengan pengaman kunci bermagnet (Magnetik Key Shutter) membuat sistem penguncian lebih aman untuk mencegah pencurian.\r\n2.  menekan tombol Seat untuk membuka bagasi atau tangki bahan bakar.\r\n3. Answer Back System yang canggih akan memberikan kemudahan bagi pengendara untuk dapat mengetahui letak posisi motor jika lupa menempatkan Honda Vario 150 eSP pada suatu lokasi.\r\n4. Idling Stop System(ISS) -> saat berhenti dengan mematikan mesin selama 3 detik setelah berhenti dan untuk menghidupkan mesin kembali hanya perlu menarik tuas gas\r\n5. standar samping otomatis (Side Stand Switch) di mana mesin tidak dapat dinyalakan apabila dalam posisi turun.\r\n6.Brake Lock yang mudah dioperasikan untuk mencegah Honda Vario 150 eSP loncat saat dinyalakan atau motor tetap dalam kondisi diam saat berhenti di tanjakan.\r\n7. Combi Brake System yang membantu pengereman roda depan dan belakang.\r\n', 'berat kosong 		:109kg\r\nKapasitas tangki bensin	: 5,5 liter\r\nTipe mesin		: 4-langkah, SOHC dengan pendinginan cairan, eSP\r\nPerbandingan kompresi	: 10,6 : 1\r\nDaya maksimum		: 9,3kW/ 8500 rpm\r\nTorsi maksimum 		:12,8 N.m/5000 rpm\r\nSistem bahan bakar		: Fuel Injection System\r\nTipe transmisi		: Otomatis, V-Matic', 'mtr10.jpg'),
('MTR011', 'honda blade 125', 'motor', 100, 15000000, 'Desain Lebih Sporty dan Agresif.\r\nDilengkapi Suspensi Kokoh.\r\nfitur :\r\n1.  sistem pengereman depan dan belakang yang mengandalkan rem cakram.\r\n2.Auto Secure Key Shutter.\r\n3. Sporty Muffler yang merupakan teknologi pada knalpot berdesain baru yang sudah dilengkapi dengan pelindung panas.\r\n', 'berat kosong 		:106kg\r\nKapasitas tangki bensin	: 4 liter\r\nTipe mesin		: 4-Langkah, SOHC, Silinder Tunggal\r\nPerbandingan kompresi	: 9,3 : 1\r\nDaya maksimum		: 7,4 kW/ 8000 rpm\r\nTorsi maksimum 		:9,3 N.m/4000 rpm\r\nSistem bahan bakar		: Fuel Injection System\r\nTipe transmisi		: 4  Speed Manual, Rotary', 'mtr11.jpg'),
('MTR012', 'honda verza 150 CW', 'motor', 100, 20000000, 'Striping Baru yang Lebih Sporty.\r\ntetap mengandalkan panel digital pada bagian penujuk bahan bakar (fuel meter), penunjuk jarak tempuh, dan juga trip meter.\r\nSuspensi Dual Shock.\r\n', 'berat kosong 		:129kg\r\nKapasitas tangki bensin	: 12,2liter\r\nTipe mesin		: 4-Langkah, SOHC, Silinder Tunggal\r\nPerbandingan kompresi	: 9,5 : 1\r\nDaya maksimum		: 9,72 kW/ 8500 rpm\r\nTorsi maksimum 		:12,7 N.m/6000 rpm\r\nSistem bahan bakar		: Fuel Injection System\r\nTipe transmisi		: 5-Kecepatan', 'mtr12.jpg'),
('MTR013', 'honda megapro 150 CW', 'motor', 100, 23000000, 'Sporty Carbon Pattern Side Cover .\r\nStylish Combine Digital Meter : Desain panel indikator yang stylish dan futuristik, perpaduan analog dan digital. Akurat dalam memberikan informasi dan data kendaraan.\r\nSporty Rear Footstep.\r\nFront and Rear Disk Brake.\r\nAdjustable Monoshock.\r\n', 'berat kosong 		:135kg\r\nKapasitas tangki bensin	: 12,3liter\r\nTipe mesin		: 4-Langkah, SOHC, Silinder Tunggal\r\nPerbandingan kompresi	: 9,5 : 1\r\nDaya maksimum		: 9,8 kW/ 8500 rpm\r\nTorsi maksimum 		:12,3 N.m/6500 rpm\r\nSistem bahan bakar		: Fuel Injection System\r\nTipe transmisi		: 5-Kecepatan', 'mtr13.jpg'),
('MTR014', 'yamaha byson', 'motor', 100, 22000000, 'Panel Dashboard Futiristik dengan LCD Digital.\r\nindikator speedometer dan juga tachometer digital. Bagian sisi kanan panel dashboard Yamaha Byson FI diisi oleh indikator trip meter, indikator RPM, serta panel penunjuk kapasitas bahan bakar. Sementara itu, panel dashboard Yamaha Byson FI juga telah dilengkapi dengan indikator injeksi serta panel ECO Indicator untuk mengetahui kondisi mesinnya. Sedangkan sisi kanan dan kiri spesifikasi Yamaha Byson FI pada bagian dashboard ditempati oleh indikator lampu utama dan lampu sein, serta indikator penunjuk posisi gigi persneling.\r\nmenggunakan suspensi monoshock.\r\n', 'Berat			: 136 kg\r\nKapasitas tangki bensin	: 12 liter\r\nTipe mesin		: 4 langkah, 4 valve SOHC, berpendingin cairan\r\nPerbandingan kompresi	: 10,4 : 1\r\nDaya maksimum		: 12,2 kW / 8500 rpm\r\nTorsi maksimum		: 14,5 Nm / 7500 rpm\r\nKapasitas oli mesin		: Total : 1,15 liter / berkala : 0,95 liter / ganti filter oli : 1 liter\r\nSistem bahan bakar		: Fuel Injection System\r\nTipe transmisi		: Return, 6 kecepatan(1-N-2-3-4-5-6)berat kosong 		:135kg\r\nKapasitas tangki bensin	: 12,3liter\r\nTipe mesin		: 4-Langkah, SOHC, Silinder Tunggal\r\nPerbandingan kompresi	: 9,5 : 1\r\nDaya maksimum		: 9,61 kW/ 8000 rpm\r\nTorsi maksimum 		:12,98 N.m/6000 rpm\r\nSistem bahan bakar		: Fuel Injection System\r\nTipe transmisi		: 5-Kecepatan', 'mtr14.jpg');
INSERT INTO `produk` (`produkID`, `namaproduk`, `kategori`, `stok`, `harga`, `deskripsi`, `spesifikasi`, `Foto`) VALUES
('MTR015', 'honda beat 110cc', 'motor', 100, 17000000, ' ECO Indikator yang akan membantu pengemudinya berkendara lebih irit.\r\n panel indikator Mesin, indikator Injection, indikator lampu sein dan indikator lampu utama, yang mudah dipahami meskipun oleh pengguna awam.\r\n lampu AHO (Automatic Headlight On), teknologi CBS, dan teknologi ISS (Idling Stop System) serta parking Brake Lock.\r\n', 'berat kosong 		:92kg\r\nKapasitas tangki bensin	: 4liter\r\nTipe mesin		: 4-Stroke, SOHC dengan Pendingin Udara, eSP\r\nPerbandingan kompresi	: 9,5 : 1\r\nDaya maksimum		: 6,38 kW/ 7500 rpm\r\nTorsi maksimum 		:9,10 N.m/6500 rpm\r\nSistem bahan bakar		: Fuel Injection System\r\nTipe transmisi		: Otomatis, V-Matic', 'mtr15.jpg'),
('PE0001', 'Mentos 1 bungkus ', 'permen', 100, 5000, ' rasa mint, nenas, strawberry, anggur dan lemon. menyengarkan nafas', 'berisi 50 butir .berat : 50 gram ', 'pe01.jpg'),
('PE0002', 'Mint 1 bungkus ', 'permen', 100, 5000, ' rasa mint, anggur dan lemon', 'berisi 50 butir .berat : 50 gram ', 'pe02.jpg'),
('PE0003', 'Kopiko 1 bungkus ', 'permen', 100, 6000, ' rasa kopi. cocok untuk orang yang suka kopi', 'berisi 50 butir. berat : 50 gram ', 'pe03.jpg'),
('PE0004', 'Nano-nano 1 bungkus ', 'permen', 100, 10000, ' rasa jeruk, dan belimbing', 'berisi 16 buah. berat : 60 gram ', 'pe04.jpg'),
('PE0005', 'Tic Tac 1 kotak', 'permen', 100, 12000, 'rasa mint, orange, straberry dan spearmint flavour serta menyegarkan nafas', 'berisi 20 butir. berat : 50 gram ', 'pe05.jpg'),
('PE0006', 'Happident 1 bungkus ', 'permen', 100, 8000, ' rasa mint dan menyegarkan nafas. permen karet.. tidak cocok untuk usia di bawah 10 tahun', 'berisi 20 butir. berat : 40 gram ', 'pe06.jpg'),
('PE0007', 'Relaxa 1 bungkus ', 'permen', 100, 7000, ' rasa mint. penyegar nafas', 'berisi 50 butir .berat : 50 gram ', 'pe07.jpg'),
('PE0008', ' Kiss 1 bungkus ', 'permen', 100, 6000, ' rasa mint', 'berisi 50 butir. berat : 50 gram ', 'pe08.jpg'),
('PE0009', 'Fruittella 1 bungkus ', 'permen', 100, 9000, ' rasa mangga dan jeruk', 'berisi 20 butir. berat : 80 gram ', 'pe09.jpg'),
('PE0010', 'Kino 1 bungkus ', 'permen', 100, 6000, ' rasa cokelat', 'berisi 50 butir. berat : 50 gram ', 'pe10.jpg'),
('PE0011', 'FOXS 1 bungkus ', 'permen', 100, 8000, ' rasa mint, strawberry, anggur dan lemon', 'berisi 50 butir. berat : 50 gram ', 'pe11.jpg'),
('PE0012', 'Hexos 1 bungkus ', 'permen', 100, 8000, ' rasa mint', 'berisi 20 butir. berat : 60 gram ', 'pe12.jpg'),
('PE0013', 'Alpenliebe 1 bungkus ', 'permen', 100, 8000, ' rasa cokelat ,melon dan strawberry ', 'berisi 50 butir. berat : 70 gram ', 'pe13.jpg'),
('PE0014', 'station rasa 1 bungkus ', 'permen', 100, 6000, ' rasa nenas, strawberry, dan anggur ', 'berisi 50 butir berat : 50 gram ', 'pe14.jpg'),
('PE0015', 'yupi 1 bungkus ', 'permen', 100, 8000, ' rasa strawberry', 'berisi 40 butir. berat : 60 gram ', 'pe15.jpg'),
('PO0001', 'Bola Basket Unistar', 'perlengkapan olahraga', 100, 85000, 'Bola Basket ini merk Unistar, bahan Rubber, Good Quality dan AWET !', 'kondisi: baru. berat : 700 gram', 'po01.jpg'),
('PO0002', 'Bola Voli MIKASA MVA 200', 'perlengkapan olahraga', 100, 120000, 'INI MIKASA MIKASA MVA 200 KW SUPER 1 IMPORT Langsung dari Luar Negeri\r\nBeda dengan KW Pasaran', 'kondisi: baru. berat : 700 gram', 'po02.jpg'),
('PO0003', 'Bola Futsal Fiesta', 'perlengkapan olahraga', 100, 130000, 'Barang 100% ASLI\r\nHarga Barang Belum Termasuk Biaya Pengiriman', 'kondisi: baru. berat : 1000 gram', 'po03.jpg'),
('PO0004', 'Bola Futsal Nike Premier, Putih Merah, Ori New', 'perlengkapan olahraga', 100, 560000, 'Original include Box ,\r\n\r\nbarang original dijamin awet, nyaman, proporsional, dan terasa teknologinya..\r\n\r\nSize 4\r\n\r\nGrab it fast!', 'kondisi: baru. berat : 1000 gram', 'po04.jpg'),
('PO0005', 'Tas Ransel Olah Raga/Futsal', 'perlengkapan olahraga', 100, 60000, 'bahan poly\r\nsize P.26 x L.13 x T.42 cm\r\n5 pilihan warna/motif\r\nsablon plastisol', 'kondisi: baru. berat : 400 gram', 'po05.jpg'),
('PO0006', 'RAKET BADMINTON LINING TURBO', 'perlengkapan olahraga', 100, 700000, 'BONUS: SENAR, GRIP DAN COVER BAG', 'kondisi: baru. berat : 800 gram', 'po06.jpg'),
('PO0007', 'Yonex Carbonex 30', 'perlengkapan olahraga', 100, 220000, 'Import bahan FULL CARBON\r\nKwalitas Raket ini bisa ditarik hingga 28lbs, kita saranin 27lbs sudah sangat cukup\r\n\r\nsudah kita pasangin senar tinggal smash\r\nDan pemasangan senar bisa request', 'kondisi: baru. berat : 400 gram', 'po07.jpg'),
('PO0008', 'Grip Raket Yonex', 'perlengkapan olahraga', 100, 8000, 'bahan dari karet \r\nempuk pas di pakai dan sangat cocok buat para pemain badminton ,,,\r\n\r\ndi anjurkan beli 5 pic untuk bisa irit ongkos kirim nya', 'kondisi: baru. berat : 100 gram', 'po08.jpg'),
('PO0009', 'Senar Badminton Yonex 65 TI JP / BG 65 TI', 'perlengkapan olahraga', 100, 135000, '100 % senar yonex original dan resmi . Tersedia beberapa warna . silahkan hubungin kami untuk pemilihan warna yang anda suka.\r\nUntuk pengambilan di atas 50 buah silahkan hubungin kami untuk mendapatkan harga spesial', 'kondisi: baru. berat : 30 gram', 'po09.jpg'),
('PO0010', 'Kaos Badminton/Bulutangkis ORIGINAL Adidas', 'perlengkapan olahraga', 100, 374000, 'adidas Adizero JSY Men S09171 Kaos Badminton merupakan kaos olahraga berbahan polyester yang didesain trendy dengan round neckline dan detail logo adidas pada bagian Produk', 'kondisi: baru. berat : 500 gram', 'po10.jpg'),
('PO0011', 'Sepatu Basket Kobe 7 Dragon', 'perlengkapan olahraga', 100, 530000, 'Replika.\r\nMade In China+Box Ori Kobe 7.\r\nReady stock for size 40-44', 'kondisi: baru. berat : 1000 gram', 'po11.jpg'),
('PO0012', 'Bola Basket Kulit Molten GG7 Series', 'perlengkapan olahraga', 100, 140000, 'KONDISI :\r\n- BARU\r\n- KUALITAS GRADE ORIGINAL\r\n- Bola basket import\r\n- Kualitas terbaik.\r\n- Bahan kulit bukan karet.', 'kondisi: baru. berat : 500 gram', 'po12.jpg'),
('PO0013', 'NIKE BASKET JORDAN Sepatu Pria', 'perlengkapan olahraga', 100, 235000, 'ready stock', 'kondisi: baru. berat : 900 gram', 'po13.jpg'),
('PO0014', 'Sepatu Adidas Terrex Import', 'perlengkapan olahraga', 100, 180000, 'size 39 - 43', 'kondisi: baru. berat : 1000 gram', 'po14.jpg'),
('PO0015', 'Sepatu Basket Nike Kyrie 2 Cavs Navy Blue Yellow', 'perlengkapan olahraga', 100, 520000, 'sepatu basket replika import quality\r\nbarang jamin bagus dan persis seperti di foto\r\nmade in china \r\ninclude box original', 'kondisi: baru. berat : 900 gram', 'po15.jpg'),
('PRI001', 'Canon Multifunction Pixma MG2470', 'printer', 100, 600000, 'scan, copy dan print dalam 1 device', 'kondisi: baru. berat : 5 kilogram Tipe : All in one', 'pri01.jpg'),
('PRI002', 'Printer Canon Pixma IP2770', 'printer', 100, 645000, 'CANON PIXMA iP2770 hadirkan teknologi pencetakan yang unik dan inovatif dengan membenamkan teknologi Print Head FINE. Teknologi besutan CANON ini mampu menghasilkan gambar yang jelas dan detail cetakan yang sempurna tanpa mengorbankan kecepatan mencetaknya.', 'kondisi: baru. berat : 5 kilogram Tipe : ink-jet ', 'pri02.jpg'),
('PRI003', 'Canon PRINTER LASER SHOT LBP6000', 'printer', 100, 1378000, 'Ready stock! Silahkan Order...', 'kondisi: baru. berat : 6 kilogram Tipe : Laser mono', 'pri03.jpg'),
('PRI004', 'EPSON Printer L220 All In One', 'printer', 100, 2125000, 'High-yield ink bottles\r\nPrint speed up to 27ppm (7ipm)\r\nPrint resolution up to 5760 dpi x 1440 dpi\r\n2-years warranty', 'kondisi: baru. berat : 5 kilogram Tipe :All in One', 'pri04.jpg'),
('PRI005', 'Brother DCP-L2540DW', 'printer', 100, 2389000, 'Bisa cetak ukuran F4 atau Copy ukuran F4 lewat ADF\r\n\r\nTermurah Untuk Anda . . .', 'kondisi: baru. berat : 20 kilogram Tipe : All in One', 'pri05.jpg'),
('PRI006', 'PRINTER CANON PIXMA E400', 'printer', 100, 769000, 'Canon PIXMA E400 adalah seri printer hemat tinta dari Canon yang dilengkapi fungsi scanner dan copier. Canon E400 menggunakan cartridge tinta Canon PG-47 dan CL-57 yang mampu mencetak sebanyak 400 lembar dokumen A4 hitam putih dan 300 lembar dokumen A4 warna.', 'kondisi: baru. berat : 6 kilogram Tipe : All in One', 'pri06.jpg'),
('PRI007', 'HP Officejet Pro 8100', 'printer', 100, 1125000, 'untuk ongkir silahkan di tanya di inbox ', 'kondisi: baru. berat : 6 kilogram Tipe : All in One', 'pri07.jpg'),
('PRI008', 'HP OfficeJet 200 Mobile Printer', 'printer', 100, 2800000, 'hasil printer yang bagus dan sudah di lengkapi baterai di dalamnya ', 'kondisi: baru. berat : 6 kilogram Tipe : Inkjet', 'pri08.jpg'),
('PRI009', 'HP Officejet 7110 Wide Format EPrinter - H812a', 'printer', 100, 2000000, 'untuk hasilnya sudah bagus dan cetakannya tidak pecah', 'kondisi: baru. berat : 6 kilogram Tipe : Inkjet', 'pri09.jpg'),
('PRI010', 'Canon PIXMA G1000 Printer Ink Tank G 1000', 'printer', 100, 1500000, 'Garansi Resmi 1 Tahun', 'kondisi: baru. berat : 6 kilogram Tipe : Inkjet', 'pri10.jpg'),
('PRI011', 'Printer Epson LX310 Dot Matrix', 'printer', 100, 2015000, 'Narrow carriage 9-pin SIDM\r\nHigh 357 CPS print speed at 12CPI\r\n10,000 power on hour MTBF\r\nUSB, Serial and Parallel ports', 'kondisi: baru. berat : 6 kilogram Tipe : Dot matrix', 'pri11.jpg'),
('PRI012', 'TOSHIBA E-STUDIO 2505H', 'printer', 100, 21000000, 'Lama Pemanasan	Approx. 20 sec \r\nMaks. Besaran Kertas	A3 \r\nKapasitas Kertas	\r\nDrawer : 250 sheets \r\nStack Feed Bypass : 50 sheets \r\nMax : 300 sheets ', 'kondisi: baru. berat : 27 kilogram', 'pri12.jpg'),
('PRI013', 'Printer Brother Dcpl2540dw', 'printer', 100, 4700000, 'hasil print yang memuaskan pengguna', 'kondisi: baru. berat : 16 kilogram Tipe : DSLR', 'pri13.jpg'),
('PRI014', 'Printer Hp Deskjet 1112', 'printer', 100, 594000, 'Metode Cetak Thermal Inkjet \r\nTeknologi Cetak Thermal Inkjet \r\nMaks. Besaran Kertas	A4 \r\n', 'kondisi: baru. berat : 4 kilogram Tipe : Deskjet', 'pri14.jpg'),
('PRI015', 'Printer Fuji Xerox Dpp455d', 'printer', 100, 27000000, 'hasil printer yang lumayan cepat', 'kondisi: baru. berat : 28 kilogram Tipe: DSLR', 'pri15.jpg'),
('SPD001', 'Polygon Stratos S2 Road Touring Bike', 'sepeda', 100, 5350000, 'cocok untuk kamu yang suka aerodinamis dan kecepatan', 'kondisi: baru. berat : 10 kilogram. bahan : alloy. tipe : roadbike.8 speed', 'spd01.jpg'),
('SPD002', 'Polygon Xtrada 5 Rem Hidrolik', 'sepeda', 100, 4350000, 'cocok untuk kamu yang suka pergi jauh dengan kondisi jalan yang menantang', 'kondisi: baru. berat : 15 kilogram. bahan : alloy. tipe : MTB.9 speed', 'spd02.jpg'),
('SPD003', 'Roadbike Helios C 3.0 ', 'sepeda', 100, 5350000, 'shifter full sora 2x9 speed cocok untuk yang suka touring kemana-mana', 'kondisi: bekas. berat : 10 kilogram. bahan : alloy. tipe : roadbike.9 speed', 'spd03.jpg'),
('SPD004', 'Roadbike Disc Giant Defy Advanced Pro', 'sepeda', 100, 24300000, 'Size: M\r\nWarna asli: Hitam, di berikan pelindung cat Plastidip dengan warna GUN METAL GREY, mantap\r\nKondisi: >90%', 'kondisi: baru. berat : 8 kilogram. bahan : carbon. tipe : roadbike.11 speed', 'spd04.jpg'),
('SPD005', 'Polygon Premier 4', 'sepeda', 100, 3000000, 'rem sudah hidrolik', 'kondisi: bekas. berat : 15 kilogram. bahan : alloy. tipe : MTB.8 speed', 'spd05.jpg'),
('SPD006', 'Giant ATX Elite O', 'sepeda', 100, 6500000, 'Drivetrain 3X9 Speed Shimano Deore/Acera pada Shifter/FD/RD/Crankset\r\n& Brakeset Tektro HDC 300 hydraulic disc', 'kondisi: baru. berat : 15 kilogram. bahan : alloy. tipe : MTB.8 speed', 'spd06.jpg'),
('SPD007', 'Sepeda Wim Cycle M2 Uk 24', 'sepeda', 100, 1700000, 'double suspension,rim alloy,tire kylin brand 24x 1.95. cocok untuk yang belajar sepeda pemula', 'kondisi: baru. berat : 15 kilogram. bahan : alloy. tipe : MTB.7 speed', 'spd07.jpg'),
('SPD008', 'Thrill Volare 2.0', 'sepeda', 100, 4570000, 'bonus kaos thril', 'kondisi: baru. berat : 15 kilogram. bahan : alloy. tipe : MTB.7 speed', 'spd08.jpg'),
('SPD009', 'Thrill Vanquish 3.0 27,5', 'sepeda', 100, 3550000, 'warna abu-abu. cocok untuk melatih otot kaki', 'kondisi: baru. berat : 15 kilogram. bahan : alloy. tipe : MTB.7 speed', 'spd09.jpg'),
('SPD010', 'Pasific Vigilon 5.0', 'sepeda', 100, 2000000, 'cocok untuk yang mencari sepeda murah. Rem cakram', 'kondisi: baru. berat : 15 kilogram. bahan : alloy. tipe : MTB.7 speed', 'spd10.jpg'),
('SPD011', 'Pasific Tranzline 900', 'sepeda', 100, 5000000, 'sepeda dengan spek yang paling tinggi di antara semua merek pasific di lengkapi dengan 9 speed', 'kondisi: baru. berat : 15 kilogram. bahan : alloy. tipe :MTB.7 speed', 'spd11.jpg'),
('SPD012', 'Pasific Vigilon', 'sepeda', 100, 1700000, 'cocok untuk latihan otot kaki', 'kondisi: baru. berat : 19 kilogram. bahan : besi. tipe : MTB.7 speed', 'spd12.jpg'),
('SPD013', 'Scott Scale 750', 'sepeda', 100, 6000000, 'tersedia warna biru dan abu-abu', 'kondisi: bekas. berat : 15 kilogram. bahan : alloy. tipe : MTB.8 speed', 'spd13.jpg'),
('SPD014', 'Pacific TRX 2707 Hybrid', 'sepeda', 100, 1850000, 'tersedia warna putih', 'kondisi: baru. berat : 15 kilogram. bahan : alloy. tipe : MTB.7 speed', 'spd14.jpg'),
('SPD015', 'MTB 26 Pacific Masseroni 3', 'sepeda', 100, 1650000, 'rem depan dan belakang sudah cakram', 'kondisi: baru. berat : 15 kilogram. bahan : alloy. tipe : MTB.7 speed', 'spd15.jpg'),
('SPE001', 'Speaker Surround LG', 'speaker', 100, 180000, 'suara bass lumayan bagus', 'kondisi: baru. berat : 2 kilogram', 'spe01.jpg'),
('SPE002', 'Speaker Simbadda CST 151', 'speaker', 100, 435000, 'Berdimensi kecil, pas digenggaman tangan sehingga mudah di bawa ke mana saja, dan sudah dilengkapi dengan baterai lithium polymer 1500mAh.\r\n\r\nWalaupun berdimensi kecil, untuk suara tidak perlu diragukan lagi, sangat powerfull. Sudah dilengkapi dengan bluetooh dan AUX 3.5 inchi stereo untuk line in nya sehingga sangat pas untuk di pairing dengan tablet, smartphone ataupun laptop. sangat pas untuk memutar koleksi lagu - lagu yang ada di gadget Anda. Tanpa kabel dan tidak rumit.', 'kondisi: baru. berat : 1.5 kilogram', 'spe02.jpg'),
('SPE003', 'HARMAN KARDON ESQUIRE 2 PORTABLE SPEAKER GREY', 'speaker', 100, 5645000, 'Bluetooth hingga 2 Devices\r\n3200 mAh Baterai isi ulang\r\nQuad Mikrofon\r\nDesain Ramping\r\nHingga 8 Jam Musik', 'kondisi: baru. berat : 1 kilogram', 'spe03.jpg'),
('SPE004', 'XIAOMI BLUETOOTH SPEAKER CYLINDER PORTABLE', 'speaker', 100, 350000, '* Charging Input : Micro Usb Cable\r\n* Baterai : 1200 mAH Rechargeable Battery\r\n* Play music up to 7 hours (Standar Volume)\r\n\r\nKELENGKAPAN:\r\n* 1pcs Speaker \r\n* Box Manufaktur \r\n* Manual Book', 'kondisi: baru. berat : 500 gram', 'spe04.jpg'),
('SPE005', 'Jabra Solemate Max Wireless Bluetooth Stereo Speak', 'speaker', 100, 3600000, 'Hi-Fi Sound\r\nNFC & Bluetooth\r\nDust and Water Resistant\r\nDaya Tahan Baterai up to 14 Jam\r\nSpeakerphone\r\nKoneksi ke dua perangkat sekaligus\r\nDimensi : 138mm x 102mm x 302mm\r\n\r\nJabra Solemate Max Speaker merupakan bluetooth speaker portabel dengan bentuk yang stylish. Speaker ini dapat digunakan baik menggunakan kabel ataupun nirkabel. Dengan kualitas audio yang mengagumkan, Anda kini dapat mendengarkan musik dari perangkat digital. Bagi Anda para pecinta musik yang aktif dan dinamis, speaker ini merupakan perangkat yang wajib bagi Anda.', 'kondisi: baru. berat : 4 kilogram', 'spe05.jpg'),
('SPE006', 'Sony Bluetooth Speaker BSP10', 'speaker', 100, 1600000, 'Hadirkan kualitas suara yang pantas untuk musik Anda dengan speaker nirkabel mini yang bertenaga dan mantap ini. Smartphone Anda dapat berada di mana saja dalam radius 10 meter dan Anda dapat menikmati bas yang dalam serta frekuensi tinggi yang jernih dari BSP10. Sistem speaker 360 canggih menebarkan musik dan mengisi ruangan. ', 'kondisi: baru. berat : 500 gram', 'spe06.jpg'),
('SPE007', 'Speaker Advance Duo 200 Remote', 'speaker', 100, 107000, 'Nikmati Musik dimana saja dan kapan saja\r\nXtra Power Sound + Subwoofer\r\ndilengkapi remote\r\nbisa konek ke komputer/laptop/MP3\r\nada Radio FM\r\nBisa putar musik dari Flashdisk dan Memory Card', 'kondisi: baru. berat : 750 gram', 'spe07.jpg'),
('SPE008', 'Speaker Advan Duo 600', 'speaker', 100, 160000, 'suara bass yang tidak mengecewakan pendengar', 'kondisi: baru. berat : 2 kilogram', 'spe08.jpg'),
('SPE009', 'Speaker Bluetooth Portable Jam LCD Digital Clock L', 'speaker', 100, 320000, 'Speaker Bluetooth portable dengan fungsi ganda, dapat menunjukkan jam selain berfungsi sebagai speaker. Terdapat TF Card slot, USB Slot sebagai media pemutar lagu external. Dengan speaker ini pula anda dapat menikmati siaran radio FM favorit anda.', 'kondisi: baru. berat : 900 gram', 'spe09.jpg'),
('SPE010', 'Mini Digital Speaker Usb FM Radio SD TF Card MP3', 'speaker', 100, 75000, 'sangat populer dan bagus designnya, serta mudah dibawa dan dioperasikan.Memiliki suara yang sangat bagus cocok untuk Anda memainkan musik dimanapun dan kapanpun.', 'kondisi: baru. berat : 800 gram', 'spe10.jpg'),
('SPE011', 'Aukey Outdoor Waterproof Stereo Bluetooth Speaker ', 'speaker', 100, 420000, 'Speaker dari Aukey ini didesign untuk digunakan pada situasi outdoor berkat design yang tangguh dan waterproof. Menggunakan teknologi bluetooth terbaru yaitu Bluetooth 4.1 sehingga dapat terhung ke smartphone dengan cepat dan kualitas audio yang dihasilkan sangat baik.', 'kondisi: baru. berat : 2 kilogram', 'spe11.jpg'),
('SPE012', 'Speaker Bluetooth Bose Soundlink Mini', 'speaker', 100, 135000, 'Nikmati musik Anda di mana saja, kemana pun Anda pergi. SoundLink Speaker Bluetooth Mini memberikan suara penuh, natural dari speaker elegan yang cocok di telapak tangan Anda. Anda tidak akan menyangka hasil suara yang dihasilkan dari speaker seukuran ini, yang tentunya akan membuat orang2 takjub saat mendengarnya. Ini menghubungkan secara nirkabel ke smartphone, tablet atau perangkat Bluetooth lain, sehingga Anda dapat mendengarkan musik, video atau permainan kapan saja, di mana saja.', 'kondisi: baru. berat : 500 gram', 'spe12.jpg'),
('SPE013', 'Speaker Bluetooth Portable ADVANCE ES040B', 'speaker', 100, 176000, 'Alat pemutar musik, memutar musik dari kartu memori mini SD/TF CARD/flashdisk usb, dilengkapi fungsi fm radio\r\n\r\ndesain yang unik membuat hasil suara yang sempurna,', 'kondisi: baru. berat : 600 gram', 'spe13.jpg'),
('SPE014', 'Speaker Piple S5 Wireless Portable Bluetooth', 'speaker', 100, 650000, 'suara bass yang terasa padat', 'kondisi: baru. berat : 2 kilogram', 'spe14.jpg'),
('SPE015', 'Speaker Portable Wireless Krezt WAS 115 LV', 'speaker', 100, 2500000, '1 speaker 115 LV (15 inch)\r\n2 Mic pegang\r\n1 Remot. garansi 1 tahun', 'kondisi: baru. berat : 15 kilogram', 'spe15.jpg'),
('SU0001', 'Nike sepatu Running Flyknit Air Max ', 'sepatu', 100, 250000, 'tersedia size dari 38 - 44. warna : biru. Sepatu running nike dapat membuat para pemakainya manjadi Menarik karena dilengkapi dengan berbagai design yg sporty', 'berat : 1 kilogram ', 'su01.jpg'),
('SU0002', 'Nike sepatu Casual', 'sepatu', 100, 95000, 'tersedia size dari 38 - 44. warna : hitam putih', 'berat : 1 kilogram ', 'su02.jpg'),
('SU0003', 'Nike Airmax Flyknit Fitsole', 'sepatu', 100, 300000, 'tersedia size dari 40 - 44. warna : biru', 'berat : 1 kilogram ', 'su03.jpg'),
('SU0004', 'Nike sepatu Futsal', 'sepatu', 100, 155000, 'tersedia size dari 39 - 44. warna : hitam. cocok di pakai saat futsal', 'berat : 1 kilogram ', 'su04.jpg'),
('SU0005', 'Nike sepatu Running Army Air Max 90', 'sepatu', 100, 225000, 'tersedia size dari 38 - 44. warna : biru. cocok untuk aktivitas olahraga.', 'berat : 1 kilogram ', 'su05.jpg'),
('SU0006', 'Adidas sepatu Running Yeezy Boost Men', 'sepatu', 100, 260000, 'tersedia size dari 38 - 44. warna : merah putih', 'berat : 1 kilogram ', 'su06.jpg'),
('SU0007', 'Adidas sepatu sport V Racer', 'sepatu', 100, 115000, 'tersedia size dari 38 - 44. warna : merah hitam', 'berat : 1 kilogram ', 'su07.jpg'),
('SU0008', 'Adidas Ax2', 'sepatu', 100, 265000, 'tersedia size dari 40 - 44. warna : hitam abu-abu', 'berat : 1 kilogram ', 'su08.jpg'),
('SU0009', 'Adidas Casual Neo', 'sepatu', 100, 100000, 'tersedia size dari 40 - 44. warna : merah.sepatu adidas NEO casual nyaman dan elegan cocok untuk jalan santai ', 'berat : 1 kilogram ', 'su09.jpg'),
('SU0010', 'Adidas sepatu Terrex Boost', 'sepatu', 100, 236000, 'tersedia size dari 39 - 44. warna : biru', 'berat : 1 kilogram ', 'su10.jpg'),
('SU0011', 'Adidas sepatu futsal', 'sepatu', 100, 203000, 'tersedia size dari 38 - 44. warna : hitam', 'berat : 1 kilogram ', 'su11.jpg'),
('SU0012', 'Bata sepatu Bickz Safety Meets Design', 'sepatu', 100, 530000, 'tersedia size dari 38 - 44. warna : biru', 'berat : 1 kilogram ', 'su12.jpg'),
('SU0013', 'Bata sepatu Casual', 'sepatu', 100, 220000, 'tersedia size dari 38 - 44. warna : coklat', 'berat : 1 kilogram ', 'su13.jpg'),
('SU0014', 'Bata sepatu safely', 'sepatu', 100, 640000, 'tersedia size dari 38 - 44. warna : hitam', 'berat : 1 kilogram ', 'su14.jpg'),
('SU0015', 'Bata sepatu Conga', 'sepatu', 100, 445000, 'tersedia size dari 38 - 44. warna : hitam', 'berat : 1 kilogram ', 'su15.jpg'),
('TOY001', 'Hot Wheels Split Decision Track Stars 2007', 'mainan', 100, 70000, 'khusus buat kamu yang suka mengoleksi mainan hotwheels. ini barang langka', 'kondisi: baru. berat : 100 gram', 'toy01.jpg'),
('TOY002', 'Diecast Miniatur Replika Lamborghini Veneno Red', 'mainan', 100, 100000, 'pintu bisa buka tutup', 'kondisi: baru. berat : 250 gram', 'toy02.jpg'),
('TOY003', 'Hot Wheels VW VOLKSWAGEN GOLF MK7 Crash Kuning', 'mainan', 100, 40000, 'untuk di koleksi', 'kondisi: baru. berat : 100 gram', 'toy03.jpg'),
('TOY004', 'MAINAN HOTWHEELS LA FERRARI MERAH', 'mainan', 100, 100000, 'cocok untuk kamu yang suka koleksi hotwheels', 'kondisi: baru. berat : 150 gram', 'toy04.jpg'),
('TOY005', 'Hotwheels Dodge Charger Fast N Furious', 'mainan', 100, 65000, 'barang sesuai foto', 'kondisi: baru. berat : 100 gram', 'toy05.jpg'),
('TOY006', 'Diecast Miniatur Motogp Rossi 2015', 'mainan', 100, 160000, 'bahan plastik', 'kondisi: baru. berat : 150 gram', 'toy06.jpg'),
('TOY007', 'Hotwheels Lamborghini Huracan LP Eror', 'mainan', 100, 60000, 'barang sesuai foto. terbuat dari besi', 'kondisi: baru. berat : 100 gram', 'toy07.jpg'),
('TOY008', '97 Corvette Ungu', 'mainan', 100, 20000, 'terbuat dari besi', 'kondisi: baru. berat : 100 gram', 'toy08.jpg'),
('TOY009', 'Hotwheels VW Beettle Moon Eyes', 'mainan', 100, 37000, 'terbuat dari besi', 'kondisi: baru. berat : 100 gram', 'toy09.jpg'),
('TOY010', 'Hot Wheels NISSAN 180SX TYPE X GREDDY', 'mainan', 100, 30000, 'bahan dari plastik', 'kondisi: baru. berat : 100 gram', 'toy10.jpg'),
('TOY011', '2005 Ford Mustang Gt Silver', 'mainan', 100, 23000, 'terbuat dari besi', 'kondisi: baru. berat : 100 gram', 'toy11.jpg'),
('TOY012', 'Hotwheels Time Attaxi Open Door', 'mainan', 100, 35000, 'bahan dari besi', 'kondisi: baru. berat : 100 gram', 'toy12.jpg'),
('TOY013', 'Greenlight Jeep Wrangler Mountain Edition', 'mainan', 100, 95000, 'terbuat dari besi', 'kondisi: baru. berat : 200 gram', 'toy13.jpg'),
('TOY014', 'Matchbox VW Beettle 4x4', 'mainan', 100, 30000, 'terbuat dari besi', 'kondisi: baru. berat : 150 gram', 'toy14.jpg'),
('TOY015', 'Ramp Truck Ungu', 'mainan', 100, 30000, 'terbuat dari besi', 'kondisi: baru. berat : 120 gram', 'toy15.jpg'),
('TV0001', 'Led Samsung 43k5002 43 inchi Garansi Resmi Samsung', 'televisi', 100, 4225000, 'Full HD 1920 x 1080 resolution', 'Merek : Samsung .kondisi : baru . berat : 35kilogram. display : LED', 'tv01.jpg'),
('TV0002', 'Panasonic Led Tv 32 inchi Th-32d305', 'televisi', 100, 2300000, 'layar 32 inchi dan garansi resmi 1 tahun', 'Merek : Panasonic. kondisi : baru . berat : 25kilogram. display : LED', 'tv02.jpg'),
('TV0003', 'LED LG 32 inchi LH500', 'televisi', 100, 2499000, 'resolusi 720p HD ', 'Merek : LG. kondisi : baru . berat : 25kilogram. display : LED', 'tv03.jpg'),
('TV0004', 'SHARP Aquos LC-32LE180I Hitam TV LED [32 inchi]', 'televisi', 100, 3880000, 'resolution 1080p', 'Merek : Sharp. kondisi : baru . berat : 25kilogram. display : CRT', 'tv04.jpg'),
('TV0005', 'Changhong LED TV 32 inchi 32D2000 HD', 'televisi', 100, 3000000, 'Garansi Resmi Changhong Indonesia 1 Tahun Rusak ganti baru', 'Merek : Changhong. kondisi : baru . berat : 25kilogram. display : CRT', 'tv05.jpg'),
('TV0006', 'Toshiba 32 inchi LED TV HD', 'televisi', 100, 2648000, 'Garansi Resmi Toshiba TVMI 1 Tahun\r\nGratis Pengiriman untuk Area Jabodetabek saja\r\nGratis Bracket\r\nBarang 100% baru dan ready stock\r\nresolusi 1080p', 'Merek : Toshiba. kondisi : baru . berat : 27kilogram. display : LED', 'tv06.jpg'),
('TV0007', 'Toshiba 23 inchi 23S2400VJ LED', 'televisi', 100, 1800000, 'Toshiba LED 23S2400 juga bisa play USB Movie dengan format 28 video contohnya MKV, DIVX, 3 GP , MP4 dan lainnya dan dapat membaca hardisk external.', 'Merek : Toshiba. kondisi : baru . berat : 15kilogram. display : LED', 'tv07.jpg'),
('TV0008', 'LED TV Toshiba 32 inchi L1600', 'televisi', 100, 2400000, 'HDMI\r\nUSB ( Music, Photo )\r\nCevo Engine\r\nPicture Optimizer\r\nFootball / Cricket Mode\r\nAMR+100', 'Merek : Toshiba. kondisi : baru . berat : 22kilogram. display : LED', 'tv08.jpg'),
('TV0009', 'Toshiba LED TV 32 inchi 32P2400 USB Movie', 'televisi', 100, 3708000, 'Fitur Power Bass Booster\r\nDengan Power Bass Booster, kini Anda dapat menikmati harmoni yang dihasilkan pada interval frekuensi yang cukup berbeda. Nikmati kualitas audio yang jernih serta bass yang bertenaga tinggi dengan audio output sebesar 40W. Begitu sempurna ketika Anda ingin menikmati acara musik favorit Anda.\r\n\r\nTeknologi Auto Clean\r\nTeknologi Auto Clean akan membuat gambar di layar televisi menjadi jernih. Caranya, selama menerima sinyal, teknologi ini akan memperbaiki gambar analog dengan menghilangkan random noises dari gambar.', 'Merek : Toshiba. kondisi : baru . berat : 20 kilogram. display : LED', 'tv09.jpg'),
('TV0010', 'Toshiba 40 inchi LED TV 40L1600VJ', 'televisi', 100, 4195000, 'Cevo Engine setiap saat menganalisa dan menyesuaikan kulitas gambar secara lebih rinci dan mendalam.\r\nBrightOn Algorithm menghasilkan kecerahan yang tepat suatu gambar\r\nContrast Booster menghasilkan kontrast gambar yang seakan lebih nyata\r\nAMR+ akan mengurangi tingkat noise/blur pada gamabr gerak cepat\r\nFootbal mode\r\nMinimal Design', 'Merek : Toshiba. kondisi : baru . berat : 30kilogram. display : LED', 'tv10.jpg'),
('TV0011', '50L5550 Toshiba TV Android Full HD( 50 inchi )', 'televisi', 100, 8000000, 'Toshiba 50L5550, hadir dengan layar 50 Inch beresolusi 1080p Full HD. TV LED ini dibekali dengan prosesor video CQ Engine, sehingga mampu menghasilkan gambar berkualitas tinggi dan aplikasi Android, sehingga Anda dapat menonton film online, video musik, dan bermain game online dengan layar yang lebih besar. TV LED ini juga dilengkapi dengan fitur-fitur menarik, seperti Intelligent Backligth yaitu setelan backlight yang presisi, layar mirroring yang merupakan streaming nirkabel teknologi terbaru dengan WiFi yang akan memungkinkan Anda membuka konten pada handphone ke televisi, sehingga Anda dapat berbagi dan menikmati musik, video, dan game pada layar lebar tanpa perlu router atau kabel koneksi WiFi, dan ClearScan untuk menghasilkan gambar berkecepatan tinggi tanpa blur.', 'Merek : Toshiba. kondisi : baru . berat : 35 kilogram. display : LED', 'tv11.jpg'),
('TV0012', 'Changhong LED Smart TV 43 inchi 43 D3000i', 'televisi', 100, 4525000, 'CHANGHONG LED SMART TV 43D3000i dengan teknologi terbaru dengan sistem android yang dibantu dengan \r\n\r\nprocessor Quad Core untuk dapat mendapatkan browsing yang lebih cepat.\r\n\r\n\r\nDTVB2\r\n\r\nsiaran TV yang digital dengan gambar dan suara lebih baik dari siaran TV analog', 'Merek : Toshiba. kondisi : baru . berat : 30kilogram. display : LED', 'tv12.jpg'),
('TV0013', 'Changhong LED TV 40 Inch 3xHDMI - 40D1200 Full HD', 'televisi', 100, 4625000, 'Changhong LED TV menghadirkan pengalaman menonton yang menyenangkan dengan kualitas Full HD. Dengan kualitas gambar yang tajam, jernih dan kaya warna, Anda akan semakin nyaman menonton TV bersama keluarga ataupun teman Anda. Dengan desain slim yang elegan akan menambahkan kesan cantik bagi ruangan Anda.\r\n3x HDMI\r\n\r\nDengan Slot HDMI yang lebih banyak, menonton dengan media lainnya menjadi lebih mudah. Semua perangkat seperti TV Cable, home theatre, Playstation, dll dapat digunakan sekaligus, tanpa harus mencabut pasang.', 'Merek : Changhong . kondisi : baru . berat : 25kilogram. display : LED', 'tv13.jpg'),
('TV0014', 'Changhong 40D2200 - 40 inchi - LED TV Full HD', 'televisi', 100, 5000000, 'Full HD\r\nUsb/Hdd Movie Photo dan Music\r\nNarrow Bezzel\r\nDaya 90 Watt\r\nEnchanced motion rate', 'Merek : Changhong. kondisi : baru . berat : 27 kilogram. display : LED', 'tv14.jpg'),
('TV0015', 'Panasonic Vierra 42 iinchi Plasma', 'televisi', 100, 4000000, '42 inch.\r\nTYPE TH P42A2G.\r\nKONDISI SEPERTI BARU.', 'Kondisi : bekas . Berat : 20 kilogram Merek : Panasonic Ukuran Layar :40 - 49 Display : Plasma Resolusi 1080p', 'tv15.jpg');

--
-- Indexes for dumped tables
--

--
-- Indexes for table `akun`
--
ALTER TABLE `akun`
  ADD PRIMARY KEY (`email`);

--
-- Indexes for table `konfirmasi_bayar`
--
ALTER TABLE `konfirmasi_bayar`
  ADD PRIMARY KEY (`acceptID`),
  ADD KEY `pesanID` (`pesanID`),
  ADD KEY `email` (`email`);

--
-- Indexes for table `orderdetail`
--
ALTER TABLE `orderdetail`
  ADD PRIMARY KEY (`pesanID`,`produkID`),
  ADD KEY `pesanID` (`pesanID`),
  ADD KEY `produkID` (`produkID`);

--
-- Indexes for table `pesan`
--
ALTER TABLE `pesan`
  ADD PRIMARY KEY (`pesanID`),
  ADD KEY `email` (`email`);

--
-- Indexes for table `produk`
--
ALTER TABLE `produk`
  ADD PRIMARY KEY (`produkID`);

--
-- AUTO_INCREMENT for dumped tables
--

--
-- AUTO_INCREMENT for table `konfirmasi_bayar`
--
ALTER TABLE `konfirmasi_bayar`
  MODIFY `acceptID` int(11) NOT NULL AUTO_INCREMENT, AUTO_INCREMENT=4;
--
-- Constraints for dumped tables
--

--
-- Constraints for table `konfirmasi_bayar`
--
ALTER TABLE `konfirmasi_bayar`
  ADD CONSTRAINT `konfirmasi_bayar_ibfk_1` FOREIGN KEY (`pesanID`) REFERENCES `pesan` (`pesanID`) ON DELETE CASCADE ON UPDATE CASCADE,
  ADD CONSTRAINT `konfirmasi_bayar_ibfk_2` FOREIGN KEY (`email`) REFERENCES `akun` (`email`) ON DELETE CASCADE ON UPDATE CASCADE;

--
-- Constraints for table `orderdetail`
--
ALTER TABLE `orderdetail`
  ADD CONSTRAINT `orderdetail_ibfk_1` FOREIGN KEY (`pesanID`) REFERENCES `pesan` (`pesanID`) ON DELETE CASCADE ON UPDATE CASCADE,
  ADD CONSTRAINT `orderdetail_ibfk_2` FOREIGN KEY (`produkID`) REFERENCES `produk` (`produkID`) ON DELETE CASCADE ON UPDATE CASCADE;

--
-- Constraints for table `pesan`
--
ALTER TABLE `pesan`
  ADD CONSTRAINT `pesan_ibfk_1` FOREIGN KEY (`email`) REFERENCES `akun` (`email`) ON DELETE CASCADE ON UPDATE CASCADE;

/*!40101 SET CHARACTER_SET_CLIENT=@OLD_CHARACTER_SET_CLIENT */;
/*!40101 SET CHARACTER_SET_RESULTS=@OLD_CHARACTER_SET_RESULTS */;
/*!40101 SET COLLATION_CONNECTION=@OLD_COLLATION_CONNECTION */;
